version	phase	path	sha256
20160220174730	main	db/migrate/20160220174730_create_accounts.rb	6cbbee4f9f2236b0f1cda629b0e8621ee14902510502d61d3b296e101e1448c1
20160220211917	main	db/migrate/20160220211917_create_statuses.rb	d29b70979aaa3fb5968acf3db4c2d1174d2c51be69bb94b24f258c082f9890ed
20160221003140	main	db/migrate/20160221003140_create_users.rb	39256f5e5b6d3dfc6f95c7271d395543acbc27f3999ed6096d7d6a57b3628670
20160221003621	main	db/migrate/20160221003621_create_follows.rb	4408dc548565cb01408edce1e037f6aeb3b694ad091cd0516985a3c8088b2382
20160222122600	main	db/migrate/20160222122600_create_stream_entries.rb	8b4d162078bfdcbed5d4474727b1e36befefe918317f43e057c7fc85bd6cf1cd
20160222143943	main	db/migrate/20160222143943_add_profile_fields_to_accounts.rb	44d69a80ae8f3aac3d974cfbf88e659a091d99104660fdd748a9a95dd7725076
20160223162837	main	db/migrate/20160223162837_add_metadata_to_statuses.rb	42f9202d0abe3f1f9fbd4b927c21c32a25eeb42bd5a4ec795b91784fae4efa10
20160223164502	main	db/migrate/20160223164502_make_uris_nullable_in_statuses.rb	23f19188274c7a9ce4528d4a7d364d1410e1ca50640255becaf66ca7f739e316
20160223165723	main	db/migrate/20160223165723_add_url_to_statuses.rb	f114c6b7c5f49b01cd3df3b07204fa7b693b56b6b51353ca71fe5943c0925628
20160223165855	main	db/migrate/20160223165855_add_url_to_accounts.rb	2408622e270dea7c5fcaa62e176b76b65feb6921ad0b47bf44eef13a0947dcfa
20160223171800	main	db/migrate/20160223171800_create_favourites.rb	78e87ed971f1b2e28df44edbc8470a0a7772478c0bb634197a25a4cabac80ba1
20160224223247	main	db/migrate/20160224223247_create_mentions.rb	c6c5800a0839d5704fc5758185b9fc492afbddbd4e19e79fda2e83e15dcc193c
20160227230233	main	db/migrate/20160227230233_add_attachment_avatar_to_accounts.rb	5c83c20119abf51e9ea4018e08b000e0335f7ce330a85c32cda64edfaf2257d5
20160305115639	main	db/migrate/20160305115639_add_devise_to_users.rb	407febb1f4bcec24453f5f98add20c2d9c7a129d10c827d5e4d7da366b94a332
20160306172223	main	db/migrate/20160306172223_create_doorkeeper_tables.rb	4edfd49d81a9f80f16404744456a9906d83d4cbfad5ad1b133819367aff88cb1
20160312193225	main	db/migrate/20160312193225_add_attachment_header_to_accounts.rb	423218c8b35d8a50152b4a1930660d9004952b34547b13ace3d6866d13f8dec2
20160314164231	main	db/migrate/20160314164231_add_owner_to_application.rb	30f0807b2a15ac836b84af4f92105bc8d072997961c66866217bb348b2a51222
20160316103650	main	db/migrate/20160316103650_add_missing_indices.rb	09a7b8a432138d856b615073c43bd289d92f96d749086e07bea3fe300c59d718
20160322193748	main	db/migrate/20160322193748_add_avatar_remote_url_to_accounts.rb	120410c004a7ec0e264d777604b354b425cd894c35e2a886f53db6b7c26860e6
20160325130944	main	db/migrate/20160325130944_add_admin_to_users.rb	ead274804d1aec5fa94cef3c1e99cc082e1947ccf652926955a74d59d10fce00
20160826155805	main	db/migrate/20160826155805_add_superapp_to_oauth_applications.rb	0b39490a183721eeb76b46dd75df94e1897c5d54bfe46b04eb183220cb41da45
20160905150353	main	db/migrate/20160905150353_create_media_attachments.rb	1ac92cd6083e13c466d97fa2e932e281a085260355a32da4987db9f3d08d2d0a
20160919221059	main	db/migrate/20160919221059_add_subscription_expires_at_to_accounts.rb	48ba3e9bd29aaef704085c1d39cc3e853911dcd1cce244dc31cd2093692db4d1
20160920003904	main	db/migrate/20160920003904_remove_verify_token_from_accounts.rb	178acd705015a3b5cdc3b0296fbe11737167c67ae6f82f61f1a0a0485c44f97e
20160926213048	main	db/migrate/20160926213048_remove_owner_from_application.rb	c212b14aa44eeff856c6d100d6a3a998c805b4c32e12ebae37d5ddfe748f868d
20161003142332	main	db/migrate/20161003142332_add_confirmable_to_users.rb	5a3606464eb3444f10a05023dea18af64666cd8b199050396791055325cc2437
20161003145426	main	db/migrate/20161003145426_create_blocks.rb	9d383f79918c95f82747ea909830941455e9d7d67f73af5cb2f068c721a477f3
20161006213403	main	db/migrate/20161006213403_rails_settings_migration.rb	59052b99b6e7bcbaa0238cc26e7669c7b58c8cc98b35058462a252e119201fb8
20161009120834	main	db/migrate/20161009120834_create_domain_blocks.rb	7e69646973cd15fea6a94922ae26c65015239e639de4783e666fafcf9ab51bfa
20161027172456	main	db/migrate/20161027172456_add_silenced_to_accounts.rb	95d64627b1351e3c387b3b4cdfd1b334df98af8ad7f593f338f0559eb7611c13
20161104173623	main	db/migrate/20161104173623_create_tags.rb	c674c02f1b558e2af3183ca3f4dd791addbf05714add5033670ddb50e0504c2c
20161105130633	main	db/migrate/20161105130633_create_statuses_tags_join_table.rb	4520e68fd4cb92fe27fcf4ebe2c5458f7c90db0211447939d4cd57f65a1b8bfc
20161116162355	main	db/migrate/20161116162355_add_locale_to_users.rb	ded713a94c1bacd0165eb335d9e623fa9560c963dbb542db72fdde4e7595d365
20161119211120	main	db/migrate/20161119211120_create_notifications.rb	47236e00a68e31f59497c084149a85e292ae711a0b0af072e061d6b5dfc5cf98
20161122163057	main	db/migrate/20161122163057_remove_unneeded_indexes.rb	8b38b6c15da73ca1645da60bb56d8429dcc6f4922defaa0363bc86f3048c8eaa
20161123093447	main	db/migrate/20161123093447_add_sensitive_to_statuses.rb	818bed05de019c1b039887e89d591d473ab69c12f3a7df46e897a863547ecfa1
20161128103007	main	db/migrate/20161128103007_create_subscriptions.rb	744ea53e9d3d98e475ed0bc7eaa915293f544b4657965680197a30b97f82b9cd
20161130142058	main	db/migrate/20161130142058_add_last_successful_delivery_at_to_subscriptions.rb	60ce95ade6481b268ef7c0005e206a36876a7fd8dad3285503ba3a608b909486
20161130185319	main	db/migrate/20161130185319_add_visibility_to_statuses.rb	fe0924dcfe245e4c58e700d1bb50413bccfbcc98f5e965544c5e7162c1629942
20161202132159	main	db/migrate/20161202132159_add_in_reply_to_account_id_to_statuses.rb	d9c07c7eb71efc7455f627ed7ad24644bb5b0a1caa0c9e32ae45468c3ef90596
20161203164520	main	db/migrate/20161203164520_add_from_account_id_to_notifications.rb	d3e7c80b697e9ecacee48f9f9a46af3d21ef9794f3a926495918e8ceaa9b7d04
20161205214545	main	db/migrate/20161205214545_add_suspended_to_accounts.rb	47a7141356c3d6f4cbe3d5c0c5b58ee6cfa421c0a5751149030f9f2e0e99f19c
20161221152630	main	db/migrate/20161221152630_add_hidden_to_stream_entries.rb	7b9918cf452637f1a178b37f4109f565f1637d4167614a6c83c1963b83618327
20161222201034	main	db/migrate/20161222201034_add_locked_to_accounts.rb	22a1a19f6e52e0ec20380dee005ea05fac2fd31e539f3ebd9617427a951ace17
20161222204147	main	db/migrate/20161222204147_create_follow_requests.rb	ef5b0b02db9bcb07e7dd75b51410ec6b3b08d9b2845c4dff657cf6de9d836c0f
20170105224407	main	db/migrate/20170105224407_add_shortcode_to_media_attachments.rb	b1265a01cce9a2efed35098fab4f25e7d8587c5d81466a0f4fe6e4bdbfa90a5e
20170109120109	main	db/migrate/20170109120109_create_web_settings.rb	69a40eeed9b559225ac21af52e0a826a278724ecf5f14be475d13616eebc556c
20170112154826	main	db/migrate/20170112154826_migrate_settings.rb	41a11b5e6456c598304d3e6ccf8707292ce2ed70c1e722fd0a95b6de5b9d31bd
20170114194937	main	db/migrate/20170114194937_add_application_to_statuses.rb	5a53d1846fcd2643d36ecc4b312431550b1e0f152675fcddb4e7c4eb3d2f7824
20170114203041	main	db/migrate/20170114203041_add_website_to_oauth_application.rb	e486407ee9f2a93279deb7beab7aec026c39a583767463cb95c403aebc10051a
20170119214911	main	db/migrate/20170119214911_create_preview_cards.rb	8ea5f209177953f188ebad45b2220246900cd74d52feb35afc7b47bb14c081b4
20170123162658	main	db/migrate/20170123162658_add_severity_to_domain_blocks.rb	3a56b3b89e4a6f69dadf883b82f8231104c7069dd6f6982c8cdfa369265c44c4
20170123203248	main	db/migrate/20170123203248_add_reject_media_to_domain_blocks.rb	487db4095ac3f275d21fbd19e9c75ac793f73cf8b5a111b221c765f6cd19c4dd
20170125145934	main	db/migrate/20170125145934_add_spoiler_text_to_statuses.rb	b83e180034b9bda457ed39c97a82c1941db2ed22463e4d6bea32c7b6230bff13
20170127165745	main	db/migrate/20170127165745_add_devise_two_factor_to_users.rb	d14e5858f13f477ac5354258599fa7e3057009c8ff3ed1ace12227032689098a
20170205175257	main	db/migrate/20170205175257_remove_devices.rb	b4155d31b5e7268ac871f0c78ac31b9112e5cf8e6a6b96c531a1673ba1acba63
20170209184350	main	db/migrate/20170209184350_add_reply_to_statuses.rb	0a0ed2a36b42adb73a2140c11edb47e31aad52eca4a6a29c94fcabbf05fa3a05
20170214110202	main	db/migrate/20170214110202_create_reports.rb	89b5ce4232a9fab130cfeab15f3ac9c830fb36578ea6c1ab3cfa18db1f5886c6
20170217012631	main	db/migrate/20170217012631_add_reblog_of_id_foreign_key_to_statuses.rb	1a3889e3d24266a2307a2df506a35ad88c8f2dca3ca8413b8bd36b8a1d1571d3
20170301222600	main	db/migrate/20170301222600_create_mutes.rb	0b08d064a98fc73054d6780376d2050e3ef17c76443efef06a2322f9660d2393
20170303212857	main	db/migrate/20170303212857_add_last_emailed_at_to_users.rb	187a7467a40b731bcde34a84764dcbea788f75c914da27a96dd8839536edca63
20170304202101	main	db/migrate/20170304202101_add_type_to_media_attachments.rb	7c9bcec328d71cbcd72f4aff07876cf2fb4aa1876f120f90402cfcf9d0c5aebe
20170317193015	main	db/migrate/20170317193015_add_search_index_to_accounts.rb	43a5a0ad9a0133bee6c7d604b88d5ca7f4c8d7162a49de95c07f99b034a9219a
20170318214217	main	db/migrate/20170318214217_add_header_remote_url_to_accounts.rb	45b8b1fe89a38f2d71522a11f081916335b89785e50f290634090129cd120f80
20170322021028	main	db/migrate/20170322021028_add_lowercase_index_to_accounts.rb	b4af886e0905e6fef1e7719ff2c31302c8c500ae646ceadeb189ea9541044b11
20170322143850	main	db/migrate/20170322143850_change_primary_key_to_bigint_on_statuses.rb	b9c20895a9280735108c967dcfe4e7242a66240021790070c9d97f9dcea70646
20170322162804	main	db/migrate/20170322162804_add_search_index_to_tags.rb	ee22c4ee513ad8394dfcc19e1ec96a23a9fe42f6d2469b68e89dd150699779a1
20170330021336	main	db/migrate/20170330021336_add_counter_caches.rb	6a9bcd183bd49b7548dd17bfcd7b2ce4f6e14b80c7922992a471234ee71142d6
20170330163835	main	db/migrate/20170330163835_create_imports.rb	d69c319116097c7a688c63129d02312d4c2ec105d36838bf90a55b352344a536
20170330164118	main	db/migrate/20170330164118_add_attachment_data_to_imports.rb	ea33e076818026e0d0f16930626dcb68cd968e7c581a3bf32c800c377033005d
20170403172249	main	db/migrate/20170403172249_add_action_taken_by_account_id_to_reports.rb	2be3d096c40ac765363a302df2f87ac2d92a158053aa9826227613d05c517ca7
20170405112956	main	db/migrate/20170405112956_add_index_on_mentions_status_id.rb	067538ec65bcff7f2f74d62194df4ea6fb12b04cac448971122af91fa0f5296e
20170406215816	main	db/migrate/20170406215816_add_notifications_and_favourites_indices.rb	8eb231ef99c361112ed842222aabb11d69cd70083c47c2e76a39d61142d2f084
20170409170753	main	db/migrate/20170409170753_add_last_webfingered_at_to_accounts.rb	d89a3b38095daf7b4074ff1780ae4212867c7a1fdbaa0ba01e614440a0c69ca8
20170414080609	main	db/migrate/20170414080609_add_devise_two_factor_backupable_to_users.rb	0c4df442d0757ea5a4b28be6589d28c409d2410c8b30e42ae711093b4e7f70c6
20170414132105	main	db/migrate/20170414132105_add_language_to_statuses.rb	acb91903ef038177d3a379c80136025a2306289a8138ca09046fbbc030b98d75
20170418160728	main	db/migrate/20170418160728_add_indexes_to_reports_for_accounts.rb	43362e44195a3b257bb99aad5d96995b81af68f0640bda9cfe9be9e105b0fb3f
20170423005413	main	db/migrate/20170423005413_add_allowed_languages_to_user.rb	e692aa12b1cb9287612fac1409dc6d80aa8bed3ceb4d7f1dd2d38b291364923d
20170424003227	main	db/migrate/20170424003227_create_account_domain_blocks.rb	a5b0e91373b4b6a71376a16d836714a62ae33a3d922cb398a817a5ab90cf33f7
20170424112722	main	db/migrate/20170424112722_add_status_id_index_to_statuses_tags.rb	b089f7e55f852a4c3d3c3aa6a8909fc72affe0df527a59c4464daaed20ae8789
20170425131920	main	db/migrate/20170425131920_add_media_attachment_meta.rb	6d00b91a2e0dfef111b5a261dae88363f5104e7dc09fdcbb36f29ed29769573a
20170425202925	main	db/migrate/20170425202925_add_oembed_to_preview_cards.rb	758aa9381c31b0987e8ba3afa583fd6826fea612603c205cf1d79f2868751d81
20170427011934	main	db/migrate/20170427011934_re_add_owner_to_application.rb	7e58e83dcd55e4e8f36eaa61abe3759ab090a6669d946e2b2b8d2dbcb05626d2
20170506235850	main	db/migrate/20170506235850_create_conversations.rb	42e8adb40969e3ec012f3aa6739f1b3c20c3e9fd775a4fad2b00de3de7e7415f
20170507000211	main	db/migrate/20170507000211_add_conversation_id_to_statuses.rb	df763cb73faf0564747a2b3aafc7e5560d3bedc0d45031796fd5ea7eed93c033
20170507141759	main	db/migrate/20170507141759_optimize_index_subscriptions.rb	f97907a0f5a91cd4b8ffea09614a30d4bd37c75ca3a34c492bb2413bccfe795e
20170508230434	main	db/migrate/20170508230434_create_conversation_mutes.rb	e8ea0023749b016cd6e7279d591b02272f150c84465dff9c4f6759901ec5634f
20170516072309	main	db/migrate/20170516072309_add_index_accounts_on_uri.rb	988b44fbb7bfb45c06aa503d14ae5652445706a5105579c31c0c6c9a489a7a53
20170520145338	main	db/migrate/20170520145338_change_language_filter_to_opt_out.rb	48a0e4a10087f608678b3d4782d65f9d667c7ae8359ef64ace1d0c78129cecf1
20170601210557	main	db/migrate/20170601210557_add_index_on_media_attachments_account_id.rb	326102817db1497cf05c117ce4b4d9597593601a99c2a0e62180711bb9f5a0e6
20170604144747	main	db/migrate/20170604144747_add_foreign_keys_for_accounts.rb	42e6446813c146a222dd1d12e1a1db724a4bb824d251d50e17c23c793765b85a
20170606113804	main	db/migrate/20170606113804_change_tag_search_index_to_btree.rb	b6645d0ed8862bb4edd83bf12d70fad98e87ed8594374a1a1b9d3cfe7f4e52fc
20170609145826	main	db/migrate/20170609145826_remove_default_language_from_statuses.rb	1d50b83af816551922cc44150827dd15476ea8b916fed693a0ad1c85ba5a9f5f
20170610000000	main	db/migrate/20170610000000_add_statuses_index_on_account_id_id.rb	a6bad87fa0a971e9cddf933ed3881cc8eda142c01d22ef54b9ea66388824af25
20170623152212	main	db/migrate/20170623152212_create_session_activations.rb	58f14af65bfa87f6eb71b95343f68eeb0e9d76521c8f5c8d1a0e82635f183d3a
20170624134742	main	db/migrate/20170624134742_add_description_to_session_activations.rb	02e689e4ab66c9a905209b67d037b5134e551e22702b2d87b698e834d6b3e81c
20170625140443	main	db/migrate/20170625140443_add_access_token_id_to_session_activations.rb	4f707d4df7566105de7a3b9eb3221276ab89926e4766690bb2b465f57ceb2f0d
20170711225116	main	db/migrate/20170711225116_fix_null_booleans.rb	403767177dccde7d050a053049d89ac69d97e7a746fba9cbf9df0b90bcca830c
20170713112503	main	db/migrate/20170713112503_make_tag_search_case_insensitive.rb	c9ed3ceb21d77a6efc55719a9f2ad6970e74ef9e859965fcc0736a79978793a4
20170713175513	main	db/migrate/20170713175513_create_web_push_subscriptions.rb	ce42537e4979eb66e8ded8c9b9dab9964be5db8c1f10248459feb0bca82db1fb
20170713190709	main	db/migrate/20170713190709_add_web_push_subscription_to_session_activations.rb	a8df86b6f2e1350eb9fd1a812c52eb48f33ff79db6dc2f6aad449426883f2e8b
20170714184731	main	db/migrate/20170714184731_add_domain_to_subscriptions.rb	7abc15c7b937848a168cd2ba5e7daee1b3078d23d8919b71408daba4a487c142
20170716191202	main	db/migrate/20170716191202_add_hide_notifications_to_mute.rb	fdf8b5c94aa14d7b130ead86946472beea6ed63d425ba15ab6edf7e735bfd379
20170718211102	main	db/migrate/20170718211102_add_activitypub_to_accounts.rb	a2d0b1be87f4ea650c5051e063a203ffc2570bef02fdec5c1fe31df97b29648f
20170720000000	main	db/migrate/20170720000000_add_index_favourites_on_account_id_and_id.rb	d2f52e256ff58b7dbe6cc36065b90799ef692571eda38760fa02cd145d21fdd5
20170823162448	main	db/migrate/20170823162448_create_status_pins.rb	acd1f404b67f0cd98e7794d1a9692623b4c3affb6822e9e13e407fce6f0e1e93
20170824103029	main	db/migrate/20170824103029_add_timestamps_to_status_pins.rb	f52f22764c0224ffc441405912c59930170003e00b0a70e82be726a9519d94a0
20170829215220	main	db/migrate/20170829215220_remove_status_pins_account_index.rb	d9b20c51528f319aac4c93c70124a58a2fb30e864003445e329c8a4c1551d0ee
20170901141119	main	db/migrate/20170901141119_truncate_preview_cards.rb	e8e955bc686a499b1bda167d4102d52bd1204ddd3d05b07b7f8584edb3451ffb
20170901142658	main	db/migrate/20170901142658_create_join_table_preview_cards_statuses.rb	da04a1d60f7bed422eba6ee4491f0a09ddaa1741d236bd9957c2fd1ecb3f1fbd
20170905044538	main	db/migrate/20170905044538_add_index_id_account_id_activity_type_on_notifications.rb	9af016ea2fc7c9f3606091ded979d768d346359db1d8f57f222d8a9c3fbf1669
20170905165803	main	db/migrate/20170905165803_add_local_to_statuses.rb	f90571caa6f1f4cbac09d4b545c1eb9d8a753824e8c3c33c3d7d485d55a080c0
20170913000752	main	db/migrate/20170913000752_create_site_uploads.rb	8d3b04166a8c87960a48ebed5b9bdb44342b34ae82ec447a966107294b43c3b4
20170917153509	main	db/migrate/20170917153509_create_custom_emojis.rb	3ebf456bd56119775268cef4516aabf0deacd6112e57e8477e3cd14fb896b7fd
20170918125918	main	db/migrate/20170918125918_ids_to_bigints.rb	c7e54d6693dd778f5759e0e427363bb4366c988faab589bc3e0ba2ad76596745
20170920024819	main	db/migrate/20170920024819_status_ids_to_timestamp_ids.rb	6dcfee5c34456d12d85e2b180ff5790d49961cead73faf672074bf5fb4aa7e4c
20170920032311	main	db/migrate/20170920032311_fix_reblogs_in_feeds.rb	347ad45ff23d69071063a1fdf8fe0dd586144b6498d08f8f78e6ef135da568c6
20170924022025	main	db/migrate/20170924022025_ids_to_bigints2.rb	a8be82aadb74796ba4ac75f4fc35dfac91f0bc89b37ac8c6d0c2ba15d18a6d90
20170927215609	main	db/migrate/20170927215609_add_description_to_media_attachments.rb	878b3461248d29e2332d238ca2df7b72fa04baf69dce54218e76804a079aa0e2
20170928082043	main	db/migrate/20170928082043_create_email_domain_blocks.rb	b89be113460edf8b99d8c5d5e92dac0d734409b6c8fc1ea8fbfad9a8f984f692
20171005102658	main	db/migrate/20171005102658_create_account_moderation_notes.rb	1dde9ba4612ca13040a0c1484baddaf5a08988fd26f77c8fb1d3b263f55d6dbe
20171005171936	main	db/migrate/20171005171936_add_disabled_to_custom_emojis.rb	9c9bb7e16fec2047b4cd3aa866700fdac385844671798fdf242283da417b8e0d
20171006142024	main	db/migrate/20171006142024_add_uri_to_custom_emojis.rb	2e5cb8f3e11987607ccc51791f38fb47cfbde97fa6b2e92b84eab48c33d2003e
20171010023049	main	db/migrate/20171010023049_add_foreign_key_to_account_moderation_notes.rb	3a393449184793ba7e3a97e7cbfb15ab830e7c1edd2d0d7707c93d49b29895ad
20171010025614	main	db/migrate/20171010025614_change_accounts_nonnullable_in_account_moderation_notes.rb	d1fa1b8deadba0bebd901066405bfbb832ef8ad9da263848791495e3bcde5618
20171020084748	main	db/migrate/20171020084748_add_visible_in_picker_to_custom_emoji.rb	94f2b929963527c396b07efec26878f43bb08ab982cb58dd6c9c4da7f541a5d7
20171028221157	main	db/migrate/20171028221157_add_reblogs_to_follows.rb	b96e390f3cd945a9a614499df2526b379c4c992b47d5ebdb75bcffcfbbbff35a
20171107143332	main	db/migrate/20171107143332_add_memorial_to_accounts.rb	b979bbc004e404bf96bf76afbdf045d6378ec73362e34b3515b910228a5dfcae
20171107143624	main	db/migrate/20171107143624_add_disabled_to_users.rb	0dfcd6f908acd5b28272faeaa678b4859a4c4f3b33e03d999b35c2b6be88ee98
20171109012327	main	db/migrate/20171109012327_add_moderator_to_accounts.rb	66021ad8d4aab07cc00d53b24a6f4fd3ed0f0a044d7da82cebb102988ba47e2f
20171114080328	main	db/migrate/20171114080328_add_index_domain_to_email_domain_blocks.rb	9466f8e3f4be4e1f2fbc405d1943a329c41ce803826dcd651fd1d86a6336b498
20171114231651	main	db/migrate/20171114231651_create_lists.rb	4d33aa1efe1fd2fddf13213ebd0dce5be135ba1c5a0b11b7aed089f89c7de2fa
20171116161857	main	db/migrate/20171116161857_create_list_accounts.rb	6c331680ba6f1b8858c71f2a357d8eedb41118e39e0a1c9ccc8bbcc9c7810cd6
20171118012443	main	db/migrate/20171118012443_add_moved_to_account_id_to_accounts.rb	62204eed8301d37469b8724a5baca352ed58b00d1910e875760417f4e0245aca
20171119172437	main	db/migrate/20171119172437_create_admin_action_logs.rb	b3f0351473377af0a3fc36242d543dabc2d9095364d8ee64fee9944844fe264f
20171122120436	main	db/migrate/20171122120436_add_index_account_and_reblog_of_id_to_statuses.rb	0fb59b3e2cf81019beb2bb29df458eab184c43e6e6f8a762890ade7a05b8a09d
20171125024930	main	db/migrate/20171125024930_create_invites.rb	797184f2a37b58893a1d7d2ccf18aace7e5a918ef90d09537683428ef09ce7bb
20171125031751	main	db/migrate/20171125031751_add_invite_id_to_users.rb	faf0ccc4cd65e65a1016c72df2702de80e35d3ac3a84a22777d10fb58cbf61ab
20171125185353	main	db/migrate/20171125185353_add_index_reblog_of_id_and_account_to_statuses.rb	70f5c78091a4acd27a3a128a77eecfe32c33937c525a15e3d20c218025841976
20171125190735	main	db/migrate/20171125190735_remove_old_reblog_index_on_statuses.rb	f4d3a4f359ad8898e8c552dbd1f581f3c90bcbe57047e5d63bfe7a5c24c06431
20171129172043	main	db/migrate/20171129172043_add_index_on_stream_entries.rb	6121319364c74cedc937bd0e2bd3763b8b07a16de92d0aa4f017958a85862d25
20171130000000	main	db/migrate/20171130000000_add_embed_url_to_preview_cards.rb	cb0daf68e7b6a4f8c38caa6e7bf2327e230c1343fb7ddc3acac1d0c3445cae4b
20171201000000	main	db/migrate/20171201000000_change_account_id_nonnullable_in_lists.rb	46b47f156f0da4b8c725ee18ec72bd584880d81156ff2b79a420621f5db647d5
20171212195226	main	db/migrate/20171212195226_remove_duplicate_indexes_in_lists.rb	c2a3674476c4d3a16a9d649e4f1ea8d0f80ef9c2ec692c2663ad8967904154e6
20171226094803	main	db/migrate/20171226094803_more_faster_index_on_notifications.rb	a0bb0ff9954567df90e9eab02382277218be38289224f56354c384b8246a363e
20180106000232	main	db/migrate/20180106000232_add_index_on_statuses_for_api_v1_accounts_account_id_statuses.rb	b40a7f89b5ab7fed8fe6b615e4c147ce418a7bebcbd45512c90c61084f1bba64
20180109143959	main	db/migrate/20180109143959_add_remember_token_to_users.rb	2ba021c3dcd92f1e56dd9aaddb9174a0c04add3611ac237f5c56173a57ad14fd
20180204034416	main	db/migrate/20180204034416_create_identities.rb	65dfaab051f734b275b8f545e8d591185413ae94b12c246ea24a2bf90363637c
20180206000000	main	db/migrate/20180206000000_change_user_id_nonnullable.rb	2b933c581d472962578550a422bca551fbb84c5dd58950cbde4fd94c03493433
20180211015820	main	db/migrate/20180211015820_create_backups.rb	3ffcf822927bc57b0b7958ae6e6861ff579ae1c8a5a58e79ebdcbab2ff06c17c
20180304013859	main	db/migrate/20180304013859_add_featured_collection_url_to_accounts.rb	4470633d5399cba592ab616055edf5b9b5c2c56da42aa5e21e944b68c8695e36
20180310000000	main	db/migrate/20180310000000_change_columns_in_notifications_nonnullable.rb	1c5a3d456674bb9d2c4d1568f2a9a1b6216b77793c10236952cf25ab1b029e89
20180402031200	main	db/migrate/20180402031200_add_assigned_account_id_to_reports.rb	fa72071f84b0647f01bb2c9dbf7e0cbe0391642cce19797afdff6e5e4d05b977
20180402040909	main	db/migrate/20180402040909_create_report_notes.rb	060ddf72111e2ff2f81d9c415941f46025d416dec3a6815daeef45a20d5ca06b
20180410204633	main	db/migrate/20180410204633_add_fields_to_accounts.rb	8f7e0a249f61b8c0b794cab81503f9fc468ce3eebb744b41f3d823fad28e1b8b
20180416210259	main	db/migrate/20180416210259_add_uri_to_relationships.rb	577a4cdb205e6ff90624cd2064c7dd672fe17e94a98e3b47e37275327c413087
20180506221944	main	db/migrate/20180506221944_add_actor_type_to_accounts.rb	050c4087351a905d0c299353782c9d259a3c860ad0b091b72cf7889e575de111
20180510214435	main	db/migrate/20180510214435_add_access_token_id_to_web_push_subscriptions.rb	bd37161f813f88f1ac7362e4a9892a7de8714d86b029e46796fd89f7e8142c0d
20180510230049	main	db/migrate/20180510230049_migrate_web_push_subscriptions.rb	f04f6dff6650d7b99b81ba912515d6d4afec313db4779f637645f71e35d80cc4
20180514130000	main	db/migrate/20180514130000_improve_index_on_statuses_for_api_v1_accounts_account_id_statuses.rb	6a23c1ca5e43703ab52cd5aa2a39b165b60aa6d45dc3f631377f4e7c182fa1b1
20180514140000	main	db/migrate/20180514140000_revert_index_change_on_statuses_for_api_v1_accounts_account_id_statuses.rb	aa8fbb068a634d1f5f9d1b2b6c1684afa360a55528393344cd70f0305efdd32a
20180528141303	main	db/migrate/20180528141303_fix_accounts_unique_index.rb	e41ecf8e8fe5e2dec48b1638dfb70c1521a4af52e028ba2fc18939f0399818aa
20180608213548	main	db/migrate/20180608213548_reject_following_blocked_users.rb	f010b1adc215757f2d66ff6bd347f9dee029732125b17ec29dce2c5e1bc1088b
20180609104432	main	db/migrate/20180609104432_migrate_web_push_subscriptions2.rb	c7002993f2abeb0d40140d62b5f7ca7ae497739e9ed7602aff5083da3c9f748f
20180615122121	main	db/migrate/20180615122121_add_autofollow_to_invites.rb	1cbdc308124b69a97ebdbd2f73295408c20c6eba8564a1286f402a297482a608
20180616192031	main	db/migrate/20180616192031_add_chosen_languages_to_users.rb	beb5dc1aeec53c1fafa088c1b4f0174841160a4414437a4817d429f7b5f46898
20180617162849	main	db/migrate/20180617162849_remove_unused_indexes.rb	bfd558b4189ceeb360977423ebcfc56fab7afd83526b02f8200a4c5611af17a1
20180628181026	main	db/migrate/20180628181026_create_custom_filters.rb	347abd9ceb7735c83d9a879b9b7a0840ef03d88dcef020c933e28f360417c65e
20180707154237	main	db/migrate/20180707154237_add_whole_word_to_custom_filter.rb	b66adc38f545c5d8c1ecd6ba101980b26e762c23bc11f6c5802b8b70c56f03dd
20180711152640	main	db/migrate/20180711152640_create_relays.rb	d97d91f53579f5ef6360a11fdc186ff101e50341cda16f52f8d273fc191430ea
20180808175627	main	db/migrate/20180808175627_create_account_pins.rb	42d3f95e138c80c8f165a8d44b216eb0f338fc5b17877fefcec4fc46cfeac795
20180812123222	main	db/migrate/20180812123222_change_relays_enabled.rb	d891e8c286069a6bc79622cafb0a4860587643dac9dfa067bd657a85a6caef1d
20180812162710	main	db/migrate/20180812162710_create_status_stats.rb	51e32dd1e56f3018d2f5b6c49c703147b2b71cfbbd3c109262434996ed82a8e7
20180812173710	main	db/migrate/20180812173710_copy_status_stats.rb	290cd657652cc3e739cdcb9d76dfc185f450494198270c832e838eb589df8ef5
20180813113448	post	db/post_migrate/20180813113448_copy_status_stats_cleanup.rb	6e65d45c84ba21f4e6ba34debc316e5f22c20f5e147cb503421cc6d2b1dcbe3b
20180814171349	main	db/migrate/20180814171349_add_confidential_to_doorkeeper_application.rb	423962b0a253df7ebd846760b9609af5ba99512c9a13151d327273a60bdc6ed5
20180820232245	main	db/migrate/20180820232245_add_foreign_key_indices.rb	ac990920abfcb66e2ee65871f4f3aee8b4da45f2f553d2d943627ef5aedd68f1
20180831171112	main	db/migrate/20180831171112_create_bookmarks.rb	6c2e8d145984935f9f9e20878998217e73e01e3e841352a5014789037026b7e3
20180929222014	main	db/migrate/20180929222014_create_account_conversations.rb	ae2b0fc0de954dc4f9e068234c2605da35cbe79ed2a2d9f7788286a8398417f4
20181007025445	main	db/migrate/20181007025445_create_pghero_space_stats.rb	5be345f9b2cbf8f7aa42d9835b2bb835a24c55d2a378e27b18bbb5b44f35980a
20181010141500	main	db/migrate/20181010141500_add_silent_to_mentions.rb	f236f3a8cc2568dee795ab30cf6702dd7148aa92642a42a4caaecb3f1394625c
20181017170937	main	db/migrate/20181017170937_add_reject_reports_to_domain_blocks.rb	470c1140344e65865dc1bf24fd24fd5e110d317b0846492d5d781840de6ffbee
20181018205649	main	db/migrate/20181018205649_add_unread_to_account_conversations.rb	93cbd358e29e945096d8eac98d6e2ef01c9f6f5d335b50ca09df698810659177
20181024224956	main	db/migrate/20181024224956_migrate_account_conversations.rb	054a0736497632bc2a40552598e297ecd0fd9822172d9d5a1d129efdea75134a
20181026034033	main	db/migrate/20181026034033_remove_faux_remote_account_duplicates.rb	95be0f73f3c2f6d9391d54ac5e819cfa43393dcaefa41a16f3ba32534d11e716
20181116165755	main	db/migrate/20181116165755_create_account_stats.rb	f13b502eacc6e5eb4064f59fdea3f2f00178fcae52bcfab571831e36c237c0b7
20181116173541	main	db/migrate/20181116173541_copy_account_stats.rb	2e316ab6c309a690c7023430adfce00664fec5fc9c82b1d2629d2d92213ad362
20181116184611	post	db/post_migrate/20181116184611_copy_account_stats_cleanup.rb	9f68bc9cfb6963158e11888bf3bd3b59324f2ca68a5f4529095062fd24bc3be2
20181127130500	main	db/migrate/20181127130500_identity_id_to_bigint.rb	13e71644efc7b9711537bd6b75a727efb240a3c13f6988410e366f0beb1f5103
20181127165847	main	db/migrate/20181127165847_add_show_replies_to_lists.rb	3ec432e48ce9c06ba677291a904b556066d5173b6c7853059c2755aa0f7487b5
20181203003808	main	db/migrate/20181203003808_create_accounts_tags_join_table.rb	74006110fe34bcb791dd6172a5e35bf86c1eb9da87735da0e524a1c97b8dd1a8
20181203021853	main	db/migrate/20181203021853_add_discoverable_to_accounts.rb	ab8e9b6f850847ce760bbdc4e6fcc2a91fa161d6640adfda84481d7f587fdc7f
20181204193439	main	db/migrate/20181204193439_add_last_status_at_to_account_stats.rb	7b878e5a0fd1b05dd5affcf5be2d587105d67a74c681d05a27e0d46423464133
20181204215309	main	db/migrate/20181204215309_create_account_tag_stats.rb	eb4d88d561769ecb15aa712e10fd9bbc631f64ae8230c42ca8f0bd31dc0a6c8e
20181207011115	main	db/migrate/20181207011115_downcase_custom_emoji_domains.rb	c766720b289c1ac3be5389a02206cc50003be6feb8e39ef27750e9d923df70ae
20181213184704	main	db/migrate/20181213184704_create_account_warnings.rb	6710fdb8b4bfc4897a9e66a3b533ce01067581f2450272cdcd6a9ef49cbb47ca
20181213185533	main	db/migrate/20181213185533_create_account_warning_presets.rb	8b6b73a0a1a62388d23c1edc62148c0812ad9878ce869aaf0ba9ae9494e206c7
20181219235220	main	db/migrate/20181219235220_add_created_by_application_id_to_users.rb	82adc123566f729fa757f96c6b72858639682dd14f44929b1ad364d142e7fbf8
20181226021420	main	db/migrate/20181226021420_add_also_known_as_to_accounts.rb	91a4e9e34649e2e672284a213bf9647762bae28c4fec111edc0545283d273f54
20190103124649	main	db/migrate/20190103124649_create_scheduled_statuses.rb	9ff30af5ed33ff6fcb18ba5331404a540ca527353ba6dde11fdddf8029ff53f6
20190103124754	main	db/migrate/20190103124754_add_scheduled_status_id_to_media_attachments.rb	ac00217435f89f3d5a690cf6a439ca042e2105c98b81a474a1cb4a0bc81fd795
20190117114553	main	db/migrate/20190117114553_create_tombstones.rb	bc5711cf869d44dc5707dff9d9764aec83e756e073eb978f06fef8865f683ab4
20190201012802	main	db/migrate/20190201012802_add_overwrite_to_imports.rb	2294f1a20e2679d0fe038825690c15e57c44bf57e0642f3784a484b5bb5358d1
20190203180359	main	db/migrate/20190203180359_create_featured_tags.rb	c8f2ce91ec684b6fafa1b5d0d498d63c4666646f6f70293143612ee5eaca5de4
20190225031541	main	db/migrate/20190225031541_create_polls.rb	aec8bdacb2b84dea7e23360f696a57d78c7e51b9703a63bc9b1dd5bbb3f53b6d
20190225031625	main	db/migrate/20190225031625_create_poll_votes.rb	71b7d108d754991fa8a33821dcce4a4491fd8e56333031b249cb315bf099ea4d
20190226003449	main	db/migrate/20190226003449_add_poll_id_to_statuses.rb	3e93d1b812d72de712b94bc1071bec0f768cda609fbd7b39f3f8a372dd588c0c
20190304152020	main	db/migrate/20190304152020_add_uri_to_poll_votes.rb	27c38addb39165765a8d1188c79902ade89f383abf08ef48e8dfce5013154c65
20190306145741	main	db/migrate/20190306145741_add_lock_version_to_polls.rb	bc5a83c491000672faff6992a86bb713673c82200b7ce833667ae0b71b03a5aa
20190307234537	main	db/migrate/20190307234537_add_approved_to_users.rb	06a56d5c94adf11704f02011c721b263e174626c70645e003ef02ff678165eea
20190314181829	main	db/migrate/20190314181829_migrate_open_registrations_setting.rb	04153bccbee04d9e87837d97500a4df001440c97c7db73a82ae2b748abe02f56
20190316190352	main	db/migrate/20190316190352_create_account_identity_proofs.rb	a201b523406e0a0896fb3bd22b01393e5ca3c8dc99738e2d7c5c8589ea82eb48
20190317135723	main	db/migrate/20190317135723_add_uri_to_reports.rb	05be55ac0fc8df083a38086149a1a364ad2a47e7b3ddb26f9462d37299e92841
20190403141604	main	db/migrate/20190403141604_add_comment_to_invites.rb	738bd51c5a1409fa21210cf142bceecfb96c5b9e86fb4d5bb6ba236f0522f066
20190409054914	main	db/migrate/20190409054914_create_user_invite_requests.rb	2cb52dbf996159b54f955d34acc39eaaae78e498c72a6451a76410bcc2777b06
20190420025523	main	db/migrate/20190420025523_add_blurhash_to_media_attachments.rb	2cfa3cd96914aca254e0308c5e3697f0caf5ffb8ef75ae77b65f776ee07f773b
20190509164208	main	db/migrate/20190509164208_add_by_moderator_to_tombstone.rb	cb7245102acb49e190ed5381ce1b7a68bd7e0dd155a82a4b5c7b7e1257e5c10d
20190511134027	main	db/migrate/20190511134027_add_silenced_at_suspended_at_to_accounts.rb	364a58b9cda6c532ea44b92d6267a0c6b85d9e50baca53f3209189cb7553cd48
20190511152737	post	db/post_migrate/20190511152737_remove_suspended_silenced_account_fields.rb	0983ee3e6adb42761434979c4893bf736b2808d295bc5c94158663326bdfcb5b
20190519130537	post	db/post_migrate/20190519130537_remove_boosts_widening_audience.rb	a78841a408f2c6f608c38f9593afc46ba3421520b14b385cfb51c35221a731a6
20190529143559	main	db/migrate/20190529143559_preserve_old_layout_for_existing_users.rb	18d428ee63ad54f2e59b7114296461680ec6e67ee7a8cb4612a8b3a3c868b534
20190627222225	main	db/migrate/20190627222225_create_custom_emoji_categories.rb	af2def9251d82c7189446033a2daf792432cf1d90f354539acc56c7b56dd3025
20190627222826	main	db/migrate/20190627222826_add_category_id_to_custom_emojis.rb	66a8207c44ba8936f7f74247fccea2bb6943c9ee5ce8fa822e34cfa2036088ec
20190701022101	main	db/migrate/20190701022101_add_trust_level_to_accounts.rb	cae9874b95389cca6f9db5a377e4e31ed9e0748c314a6d5021a0a8a5221f71db
20190705002136	main	db/migrate/20190705002136_create_domain_allows.rb	4ff7d04d6046de57e50c4125b8c75e30870c205e993ca9101ed13436ab94359d
20190706233204	post	db/post_migrate/20190706233204_drop_stream_entries.rb	ccabe1873e9b20932bdd6fea6ae5c085725230ed46189d2f26fefca9c31cf597
20190715031050	post	db/post_migrate/20190715031050_drop_subscriptions.rb	d10773a40f84f3b60a621a10eb37644a7760a31afd6858dd6a2831aa3a12c176
20190715164535	main	db/migrate/20190715164535_add_instance_actor.rb	1245311b187637382fc0dd160a26713d5595e7be5219dfe689fc7e45be74ad78
20190726175042	main	db/migrate/20190726175042_add_case_insensitive_index_to_tags.rb	7c33b9bedb392386632ebe1f378937084cbb0f2b82b093d5047f1ca274c3ede4
20190729185330	main	db/migrate/20190729185330_add_score_to_tags.rb	0e363f496519628c53eb31476d0c1d88dee301129ad2c8d820203b7ab105335b
20190805123746	main	db/migrate/20190805123746_add_capabilities_to_tags.rb	c1ec711051c2824cd4ddcae3954d212c25427d07db46173304b3bd13bc6d82de
20190807135426	main	db/migrate/20190807135426_add_comments_to_domain_blocks.rb	b37798d7801509209b145cba702e116dbaf4f3501f2faa54f0f0ae877de608c7
20190815225426	main	db/migrate/20190815225426_add_last_status_at_to_tags.rb	84fce1551b90522dff49523bfdb846dde482512a96153729fc580a4f35d20bf3
20190819134503	main	db/migrate/20190819134503_add_deleted_at_to_statuses.rb	a2bcc07457dd18d146a15f09f21a09cb66433507c909faf7bfd2ac671f4da074
20190820003045	main	db/migrate/20190820003045_update_statuses_index.rb	0efc0be21ebef7bce314ad0e7d64298a825ffb65816b74488de6b093515bcdd2
20190823221802	main	db/migrate/20190823221802_add_local_index_to_statuses.rb	881f9d3e756945112c0f4527502415965ae218c572457bf8cd7a3c4be3342ef7
20190901035623	main	db/migrate/20190901035623_add_max_score_to_tags.rb	1de681ffa87008b03647eb6f2b94a25f800d8d1f76c4df8e015d29aee51900eb
20190901040524	post	db/post_migrate/20190901040524_remove_score_from_tags.rb	6605d8babaccdf968ab3bbeecca2d81269295d146b063c3ed91e18f0b470eaab
20190904222339	main	db/migrate/20190904222339_create_markers.rb	6fb1673a91903f089744f2a51f0e8429579446312644d91a2d620f9c2ea6ea9a
20190914202517	main	db/migrate/20190914202517_create_account_migrations.rb	1e8ccfb2fac2893702ee795edcdb1996ff6df2984e97588f2014d5540d3621e1
20190915194355	main	db/migrate/20190915194355_create_account_aliases.rb	5c6910797a113379e1b0ad4c21202fc65d7dcaa3f3aee17db7702487d27d54a5
20190917213523	main	db/migrate/20190917213523_add_remember_token_index.rb	92d439e3c0d50aa5518b60e51ddef4f86ecda94960cf2960289b527d22fb26a4
20190927124642	post	db/post_migrate/20190927124642_remove_invalid_web_push_subscription.rb	dbc09033e06ba4ffd1f48853d2049584d659b831b116c236136e06d122ac328f
20190927232842	main	db/migrate/20190927232842_add_voters_count_to_polls.rb	6fad0c83cf07dfe6c437de2c905a25824277b58ab8351027eed7909d15d32fff
20191001213028	main	db/migrate/20191001213028_add_lock_version_to_account_stats.rb	5cce6cac31f6275b6497d74bd12ffef93caa9c84311c55a596f0d4aea1515b0c
20191007013357	main	db/migrate/20191007013357_update_pt_locales.rb	353d6ea309e99bdd49e6f306eda2626b42c11d4addeeaeaab702abd97e80d6c8
20191031163205	main	db/migrate/20191031163205_change_list_account_follow_nullable.rb	29fadd5c0d9f54ac4eddf1fb5e95ff64762082e4167b8c4bb11b0a07d29e8cad
20191212003415	main	db/migrate/20191212003415_increase_backup_size.rb	c8d745e6c2cec0cba5ac880b95b5019498fd9278917a46ce34e4f806c260bde5
20191212163405	main	db/migrate/20191212163405_add_hide_collections_to_accounts.rb	a14723d20ba4f44b88fa88c3a07ad55594489783be6e823f1e61a5f55848c77b
20191218153258	main	db/migrate/20191218153258_create_announcements.rb	53d6810ce5c6d0f3f7de42716c36740c010a38e69228bacc6d1b860992efee90
20200113125135	main	db/migrate/20200113125135_create_announcement_mutes.rb	b994d950f525ccefb1aa629e5ec88fa9ca11ee894af03610e89daac90a19b11c
20200114113335	main	db/migrate/20200114113335_create_announcement_reactions.rb	0b92631e7e50f945f7250b5d09d8cc09f5059797013ad1dee466c7ff27ef94ca
20200119112504	main	db/migrate/20200119112504_add_public_index_to_statuses.rb	ba7a1ed6a6b87837bba337b1fba3ac88a972840c69d3a760b069a66d173dc935
20200126203551	main	db/migrate/20200126203551_add_published_at_to_announcements.rb	46c0f14906554560090ab01e79d00f96e6601632691f5b5a1f10d128149028fd
20200306035625	main	db/migrate/20200306035625_add_processing_to_media_attachments.rb	d9c395190f755dae6286228fca9926eb6ecc2c6d06f3c7881690601a7c66e800
20200309150742	main	db/migrate/20200309150742_add_forwarded_to_reports.rb	c9bc1f43954ab2bf2acc9f399e75f4a9599d0e59495cb709de3dd7e2615fb194
20200312144258	main	db/migrate/20200312144258_add_title_to_account_warning_presets.rb	9c2caa92e99d542caa36c5f749df614ea97d00f4b3b09a0141fd5d53db9f8441
20200312162302	main	db/migrate/20200312162302_add_status_ids_to_announcements.rb	83e2c2178523195c75b47083763046a208b11e39c7b21d8a9bfac75414b29aef
20200312185443	main	db/migrate/20200312185443_add_parent_id_to_email_domain_blocks.rb	374d960b6bd926967bb9c0670cc3d4df39dd36c9b200862bdde4751084e94d94
20200317021758	main	db/migrate/20200317021758_add_expires_at_to_mutes.rb	02b806ca80d2a78265e2da4b254469f46763da04c354c01019f25f4c20dda66c
20200407201300	main	db/migrate/20200407201300_create_unavailable_domains.rb	5d2b0e38e908a406785b08b0cc8ef5e9b2c0a52d707498203d4744c83a867e2d
20200407202420	main	db/migrate/20200407202420_migrate_unavailable_inboxes.rb	b72a84a38ecb59c5805ff251f505f2795f2241faf282fca1d4fc3dc27779d1e8
20200417125749	main	db/migrate/20200417125749_add_storage_schema_version.rb	5ec8ccf751e67b9807b2d781b898fb001f1ea2e3fede7bdf466d1b64116f5177
20200508212852	main	db/migrate/20200508212852_reset_unique_jobs_locks.rb	a53722c7ef88b6f0d79bd6c87089c68d6734aafc5e00a0407535f4052a9d6908
20200510110808	main	db/migrate/20200510110808_reset_web_app_secret.rb	836995621c1516cba184609ba0e06f12764c714ad8182ad8cbc4f021454b7d7d
20200510181721	main	db/migrate/20200510181721_remove_duplicated_indexes_pghero.rb	fed198550159ac5d2b2d82e9806f2e9cc90185e6e840d8d981196879be715217
20200516180352	main	db/migrate/20200516180352_create_devices.rb	0d1c981ec76abc59b73f4c34dbd182282210fd9b3a0b6068e78b28ca5e1d60f9
20200516183822	main	db/migrate/20200516183822_create_one_time_keys.rb	ab67bcde4781f75cbd5b799c3b6bebf085c3ecf3b0eceff12e606d84902e7c2b
20200518083523	main	db/migrate/20200518083523_create_encrypted_messages.rb	6ea91e7f4eabae48fa256b97a370f4e56f8e34eafd0f72f9c11ba693edf0179a
20200521180606	main	db/migrate/20200521180606_encrypted_message_ids_to_timestamp_ids.rb	ad9c769b90407bd26dad8e65aa0bbfd4d61dd28e2f960904727c4f83fd72a6e1
20200529214050	main	db/migrate/20200529214050_add_devices_url_to_accounts.rb	ddbe4b5fa05cd8e36b3455f4f5c5352d7c93f2ff3368f1e03eac067dec027ec2
20200601222558	main	db/migrate/20200601222558_create_system_keys.rb	8601b845ae8d2c46b531a0ba3c46a8cd65f12ba179f4e1afabb343a0218939b1
20200605155027	main	db/migrate/20200605155027_add_blurhash_to_preview_cards.rb	373602f2805aa8d8f5d7ab83db3c44bd20940a3ab71958c6445a85f36ef90f7c
20200608113046	main	db/migrate/20200608113046_add_sign_in_token_to_users.rb	112c880a4c3d674d8c6e90b2ea17166d3eb7a71fdd891c485f03d3918c6f3f14
20200614002136	main	db/migrate/20200614002136_add_sensitized_to_accounts.rb	973421af1184525349dba261f7cdf06adca55312b884452c644083c85aacbabf
20200620164023	main	db/migrate/20200620164023_add_fixed_lowercase_index_to_accounts.rb	31b7fa365bdb01128f880466992e1cde3008e9e01f1b65d529836c51e2304a2f
20200622213645	main	db/migrate/20200622213645_media_attachment_ids_to_timestamp_ids.rb	0ea493e062b5e162a2d9650980401ab6b989fa68b419be7da595bdaa9114d333
20200627125810	main	db/migrate/20200627125810_add_thumbnail_columns_to_media_attachments.rb	570771d8cf5abcd8060ba08d76f5ce78b35d5b31e79dae21d053868e6a9e16c0
20200628133322	main	db/migrate/20200628133322_create_account_notes.rb	0a283a1b23cfaf9e229d8aef278d2fd69318e57c262f4ea227087dae82248cbf
20200630190240	main	db/migrate/20200630190240_create_webauthn_credentials.rb	c3ff21a10522e9f90069d8bc05c2250c9a27e6172114aa3f7c7d1af09f6b3683
20200630190544	main	db/migrate/20200630190544_add_webauthn_id_to_users.rb	1214faa2c71267812eb3a1fa5685febf97ae4bebb040adf9f0980794cdb6116d
20200908193330	main	db/migrate/20200908193330_create_account_deletion_requests.rb	ba8480ec62f35a065d13f4f3b91a6b146e85a623dc11a5b23b87ed4cc98277a8
20200917192924	main	db/migrate/20200917192924_add_notify_to_follows.rb	5778e3e678931e177d144647ea288b3665f293caf20e76360e6966358d34f499
20200917193034	main	db/migrate/20200917193034_add_type_to_notifications.rb	3880c8e78c214d28e99a0ed4ad66196f836b3f855005ac5c273f7c6473d47e57
20200917193528	post	db/post_migrate/20200917193528_migrate_notifications_type.rb	b8509b9ad600c9cc3e977326e39a4ae6266a4502820257c88758b4920ce67658
20200917222316	main	db/migrate/20200917222316_add_index_notifications_on_type.rb	5d2321cef91493bd8572f64c6ab026a090da13bdf5b9d71283a527ccd9f3d076
20200917222734	post	db/post_migrate/20200917222734_remove_index_notifications_on_account_activity.rb	71016539d5a0fc963fbe956ee8c6dfacb3e1471fbb3796d38124201a529d7af6
20201008202037	main	db/migrate/20201008202037_create_ip_blocks.rb	4dadc77411f98d6056b5f97460d50a99b75ab5296d5042d370c8f368b6569734
20201008220312	main	db/migrate/20201008220312_add_sign_up_ip_to_users.rb	57cd290bda6ffd1873abbf909b3aeb1344475735186927ed1457768b76b5b76c
20201017233919	main	db/migrate/20201017233919_add_suspension_origin_to_accounts.rb	0e0d6493c396158dbb633c64b1fc759a392c4191151a8b5ea7165acb33684de6
20201017234926	post	db/post_migrate/20201017234926_fill_account_suspension_origin.rb	950e92a990fa99d53db225cb4b70991a180a3c1be1da5e37f58e47dfecb6adbb
20201206004238	main	db/migrate/20201206004238_create_instances.rb	37c40c1432881c955c9013bdde29ce8d7641532e5184f1554d30a857cf76e2ef
20201218054746	main	db/migrate/20201218054746_add_obfuscate_to_domain_blocks.rb	7b9a6c82b5fcf6b7892212999e68c367861abb5a12de578dcc00e4eda5a41774
20210221045109	main	db/migrate/20210221045109_create_rules.rb	452d2db33bdd26ba6174bcfa7a2bcdc7403b3379b343b4da8053e9e1162576a4
20210306164523	main	db/migrate/20210306164523_account_ids_to_timestamp_ids.rb	ee5d43c2118d0d8676eccbfdf87dac6a82ca93cd24afe960f06ee8f71303d9d2
20210308133107	post	db/post_migrate/20210308133107_remove_subscription_expires_at_from_accounts.rb	5368872f625a4146a00aa4bcef382078dc83452a04bd7d662a4516a7da55df96
20210322164601	main	db/migrate/20210322164601_create_account_summaries.rb	11324954bbe9ebc7a8eeadc25a40f73b4a44b6d8d5ac9bcbdbb55ba4c39310d4
20210323114347	main	db/migrate/20210323114347_create_follow_recommendations.rb	5e56035b668edcb39c076a644dc6a7eda12d0b0afe43d4a8c6cac124b13f89dc
20210324171613	main	db/migrate/20210324171613_create_follow_recommendation_suppressions.rb	9355054442ca19ff1711d56f5acc3996342bf0932e029c03042fffb1ba1704f5
20210416200740	main	db/migrate/20210416200740_create_canonical_email_blocks.rb	eb34ffcc81e10499c32c75eb4c873f2d915f5d35bbae2c622be43df67495ad64
20210421121431	main	db/migrate/20210421121431_add_case_insensitive_btree_index_to_tags.rb	1b2d28c75dde0d06c833685a04a1152a0d400de7471e47fcb49d4b02bf13b38d
20210425135952	main	db/migrate/20210425135952_add_index_on_media_attachments_account_id_status_id.rb	3a5172bc1e6831dad6f360808f33a61ae772f12893deff43441b90342e19af72
20210502233513	post	db/post_migrate/20210502233513_drop_account_tag_stats.rb	de91fc8665224b8e0f1957107be54911c5f9274d62517d4928f66f3082882dcf
20210505174616	main	db/migrate/20210505174616_update_follow_recommendations_to_version_2.rb	24c5667f365a8976bb814738f508b39187d81311d84f18a2140e5c1e70e153b4
20210507001928	post	db/post_migrate/20210507001928_remove_hub_url_from_accounts.rb	90054fd0ea9abeead7baea83b55f5cb5d124bce0b13c3344495e1fb1a98167ab
20210526193025	post	db/post_migrate/20210526193025_remove_lock_version_from_account_stats.rb	8e48046618e7d1a8403c7cc82f9aa8760912ede0dc0f704694ebffe7372b11ec
20210609202149	main	db/migrate/20210609202149_create_login_activities.rb	c295086aad0639a514ac781bd8e782da96aeb8444e3fc580718f772c3eb35b23
20210616214135	post	db/post_migrate/20210616214135_remove_current_sign_in_ip_from_users.rb	3592ca342e8898c89a7f5f6b91dbd9c42ad6eca2867e54c825293901dcb23ade
20210616214526	main	db/migrate/20210616214526_create_user_ips.rb	68a42d342dbe2fafc4928f3f2c4b5b5a9cf741e16ac6dfc3cf856b88f882f774
20210621221010	main	db/migrate/20210621221010_add_skip_sign_in_token_to_users.rb	2b4014853fd68288cf9c95bf067d732f0e748d749c6d3baab8cac2ab634cc024
20210630000137	main	db/migrate/20210630000137_fix_canonical_email_blocks_foreign_key.rb	f1ed8c18c9b29007c4b2ea90e2ef852dc7a87af95e38a6a76da0984bb0a419d7
20210722120340	main	db/migrate/20210722120340_create_account_statuses_cleanup_policies.rb	0f8d17624e090bc922da535965ffc6a6aadae403d0d1750c6d2d84e1a5e66805
20210808071221	post	db/post_migrate/20210808071221_clear_orphaned_account_notes.rb	5d8725c7b7eb4630ab8a6ca1d74da9bee415d515ca9b7eb9692adcf6c03b5b59
20210904215403	main	db/migrate/20210904215403_add_edited_at_to_statuses.rb	1c41964d30a9e1ed7cd838b546aeafdbb2a3fceef8943b4b04350cc32f41c8c8
20210908220918	main	db/migrate/20210908220918_create_status_edits.rb	7c83f2f3e3597b9eaa2317a15b2b9acb3266f1e422808136a3c63af240dfe9b8
20211031031021	main	db/migrate/20211031031021_create_preview_card_providers.rb	4cb8767ac66700f80c74ca8d26ce5704fd54d49b965d1df79c434c538d54a59a
20211112011713	main	db/migrate/20211112011713_add_language_to_preview_cards.rb	c47e81022950c9b49480df0375a6454a8336aa623dc64000ed82454ceff584ad
20211115032527	main	db/migrate/20211115032527_add_trendable_to_preview_cards.rb	55c7e74a22c3fbe77d4e4aa364b5e23497129a756d747830f13ce300c55ddb51
20211123212714	main	db/migrate/20211123212714_add_link_type_to_preview_cards.rb	b2d8c48a96d0889637292a19cd56c0dab4c6812fe8a439f14e5360b9dd616c74
20211126000907	post	db/post_migrate/20211126000907_drop_account_identity_proofs.rb	6d1d7b41d243f2b36403087f0e3f8713ba5ed1dc382143fed4fa3c95c8dfd6a4
20211213040746	main	db/migrate/20211213040746_update_account_summaries_to_version_2.rb	f7395eba8fb2b50c7623b72a8be8edc0506a45e0606d89bce0f095d77920c733
20211231080958	main	db/migrate/20211231080958_add_category_to_reports.rb	f106d816517f8965f5dbe512fbd04f217ca17f74b384348c79507efa9fbc67b4
20220105163928	main	db/migrate/20220105163928_remove_mentions_status_id_index.rb	ed60023953506ef381844c83106e6b849460bd8817230ebc13eacb3310e58235
20220109213908	post	db/post_migrate/20220109213908_remove_action_taken_from_reports.rb	e4a1efc1f97157ef8b1f8b9031180187f755ac5a7d148efb94a715d0d7e7b8ef
20220115125126	main	db/migrate/20220115125126_add_report_id_to_account_warnings.rb	092326f91a8619033de429d36771cd0bddb0c6c5dce4f5446f9724a2a5ae3fc0
20220115125341	main	db/migrate/20220115125341_fix_account_warning_actions.rb	1b13a7d1c77723e9a4eeb1c2bc3423051683af72897151eb936576c6daffdeb4
20220116202951	main	db/migrate/20220116202951_add_deleted_at_index_on_statuses.rb	e8b8fd65e3a232926b071fb9fd49d9429fb3615be67f5ecc3b8729f8d812a61e
20220118183010	post	db/post_migrate/20220118183010_remove_index_users_on_remember_token.rb	2da00b86f5384c376a026307750628b2bf146d27f4b4c57c3c340b4cdb2a5003
20220118183123	post	db/post_migrate/20220118183123_remove_rememberable_from_users.rb	5ecad02b8fd2be21c2bd2ee71cf22ebdc69870d9427ce1990e295e5bcf13b72f
20220124141035	main	db/migrate/20220124141035_create_appeals.rb	a5ee697ee9ce3e9bf7094184592ba917c81ed78bda55b4bcd13f88f8e84bcbe2
20220202200743	main	db/migrate/20220202200743_add_trendable_to_accounts.rb	d44741ba326a7144a700bf3005304ce750605bb50afd892cef979049ec4efc9c
20220202200926	main	db/migrate/20220202200926_add_trendable_to_statuses.rb	f1f11e5e2cd9a6b36578af0a2898411af0ce8cc0ec5e5e2aea8a6593a2c0295c
20220202201015	post	db/post_migrate/20220202201015_remove_trust_level_from_accounts.rb	c7d85c2dd4dedd3f17afcf3726f05684748cb3b6dfa06cbb93d425f3dc9732ca
20220210153119	main	db/migrate/20220210153119_add_overruled_at_to_account_warnings.rb	56ba342d63d616fefb50faad7e9104ad9438a01fb74d86c6bffa4a0adc1da6e0
20220224010024	main	db/migrate/20220224010024_add_ips_to_email_domain_blocks.rb	ad17872089f2627122689e0f560bef1e93793b2983d729a5b56d9faab63bbe9d
20220227041951	main	db/migrate/20220227041951_add_last_used_at_to_oauth_access_tokens.rb	fd9aa82dcc8f6ad1012e2d29694fa9f457163001af0a60dbf6b3207110ffc293
20220302232632	main	db/migrate/20220302232632_add_ordered_media_attachment_ids_to_statuses.rb	b440d4a4d918ac6f551ab31897b724944df6305da9d39c1c2015f8ffbe2426a8
20220303000827	main	db/migrate/20220303000827_add_ordered_media_attachment_ids_to_status_edits.rb	323a3908be59fbf63db3fc51d335f12c40d772a70563cb7a162cc14e3c2e9b1c
20220303203437	post	db/post_migrate/20220303203437_remove_media_attachments_changed_from_status_edits.rb	32a88e36c229b17abea2f7baae35e4a7985546b90bf2da230a32df6832cbe576
20220304195405	main	db/migrate/20220304195405_migrate_hide_network_preference.rb	fc0862b999b30c4bf3d4f2ea8590b944a27bf0ea2178310b586b23d75a6c9710
20220307083603	post	db/post_migrate/20220307083603_optimize_null_index_conversations_uri.rb	0af67cce2e968a547134621fd13e19e8dea8072776cc3b87d7da92a44fd9c531
20220307094650	main	db/migrate/20220307094650_fix_featured_tags_constraints.rb	512d445d55dbc7f689c5fe5fe03481428affb3b4ff2daaa3d1b9cc8f841e38e5
20220309213005	main	db/migrate/20220309213005_fix_reblog_deleted_at.rb	76a81cd68da02dc5ab19c7efba8579b0e8769c3ddad6272c668addcfa1b320f3
20220310060545	post	db/post_migrate/20220310060545_optimize_null_index_statuses_in_reply_to_account_id.rb	8e18ef07fe01b74eef02bac410f93a5a3ee1000abe84b28d912fd56310e482d5
20220310060556	post	db/post_migrate/20220310060556_optimize_null_index_statuses_in_reply_to_id.rb	0146a87390b1c543d13ec1b7ac32bc553256f5e8527f8b73d7346eebf7b3f90b
20220310060614	post	db/post_migrate/20220310060614_optimize_null_index_media_attachments_scheduled_status_id.rb	b66e5dece9109830aaee1a87e6064b26893802309b4eeea24bb7bce66ac895f6
20220310060626	post	db/post_migrate/20220310060626_optimize_null_index_media_attachments_shortcode.rb	0c25cb474667341439ff88834739928d7b65f481754acef856215835146d5ba2
20220310060641	post	db/post_migrate/20220310060641_optimize_null_index_users_reset_password_token.rb	0f1592ed1ef3d3d638f7cb10ab35e3c3c601d4d1a54f14f62cc869c220182294
20220310060653	post	db/post_migrate/20220310060653_optimize_null_index_users_created_by_application_id.rb	efbb59765c3f7b8d5228bd7c9ed39051f506f9436148683a2742b0df00d89d6c
20220310060706	post	db/post_migrate/20220310060706_optimize_null_index_statuses_uri.rb	457e8a48637eb321cf74a7b740e5ea523b2ceabe00b93a4af90847e7e6699735
20220310060722	post	db/post_migrate/20220310060722_optimize_null_index_accounts_moved_to_account_id.rb	acca3cc0574ca6cfeb85f20bceb356f2f00d5fec6f88ba06870fe5b57ea507a0
20220310060740	post	db/post_migrate/20220310060740_optimize_null_index_oauth_access_tokens_refresh_token.rb	ee1fb39788769f95311e727ce361a5adc4793bdce884bfcb628e66e0d2133d32
20220310060750	post	db/post_migrate/20220310060750_optimize_null_index_accounts_url.rb	7d3baae447930c2091b51fb8049bf86a6d03fd69bb915499f4bb6c630e6139ef
20220310060809	post	db/post_migrate/20220310060809_optimize_null_index_oauth_access_tokens_resource_owner_id.rb	1bacc6a41162750ec271c5f43aa919a10d6b3c4fb876ca0d44073f1319be215e
20220310060833	post	db/post_migrate/20220310060833_optimize_null_index_announcement_reactions_custom_emoji_id.rb	95ab4ae3fad680fe65d8532454c65413bb88464367620c9009b830fa968183da
20220310060854	post	db/post_migrate/20220310060854_optimize_null_index_appeals_approved_by_account_id.rb	37499477615a534955d60aea41f3e2611b6363ad948d302d28865fd025fd4f2c
20220310060913	post	db/post_migrate/20220310060913_optimize_null_index_account_migrations_target_account_id.rb	42285cdc1be2468b78afaaa916a6abb9261842da64f68ac2d2c0836cfd5ad605
20220310060926	post	db/post_migrate/20220310060926_optimize_null_index_appeals_rejected_by_account_id.rb	efb629f86ceebd1d6ad58f03066b7a190b86a6144d4bb0808c5702d3557f49ea
20220310060939	post	db/post_migrate/20220310060939_optimize_null_index_list_accounts_follow_id.rb	041bb487e8374a1e41fcb02a5d8f4b78e78b33fbe9624ea44266df6c369c0276
20220310060959	post	db/post_migrate/20220310060959_optimize_null_index_web_push_subscriptions_access_token_id.rb	b3a3189d05deebd957b3197c45a270876afbec4e55beb1f8fbde0d5bb4b7b649
20220316233212	main	db/migrate/20220316233212_update_kurdish_locales.rb	2c7ff86419012191e29c7380fe769fad77cead8a457f34bbb04a7374f40bc893
20220428112511	main	db/migrate/20220428112511_add_index_statuses_on_account_id.rb	f2941facf38c4a6205f85d19ec4646b5b745d7c4d423c02f3e9442c8a5c7f90e
20220428112727	main	db/migrate/20220428112727_add_index_statuses_pins_on_status_id.rb	5f5d8bb4d997b4bd564d3fbe2d36675df77e0a6e96c3d1fd9c11a8b3224fad65
20220428114454	main	db/migrate/20220428114454_add_index_reports_on_assigned_account_id.rb	25ba05c6b517b37145b3940fcd3048d107da3fa880d7b5ceaf00126b93b9335c
20220428114902	main	db/migrate/20220428114902_add_index_reports_on_action_taken_by_account_id.rb	965957116776cdde430ba2a48ba37f7070eb4a89786920da84d57b639b1fe43a
20220429101025	post	db/post_migrate/20220429101025_remove_ips_from_email_domain_blocks.rb	279c6da673c60ca25ceb0e3b21b2fee4b28b284f175a4c9d24b4eda7f3b3f12d
20220429101850	post	db/post_migrate/20220429101850_clear_email_domain_blocks.rb	a06eadc91841edff14b2c7e21401833564c5d40a7339731fa7f8df37075ea50f
20220527114923	post	db/post_migrate/20220527114923_remove_filtered_languages_from_users.rb	cfdd92bd452a105c26906b150aab858c7b0f174de3c2b2223eb36d3907c91c03
20220606044941	main	db/migrate/20220606044941_create_webhooks.rb	10b0f07779a513de2e235b92a36ec0dc77780f3f6c77eab1e0143941d78343fc
20220611210335	main	db/migrate/20220611210335_create_user_roles.rb	9c13866d7630ab1673f4cc0358e89bb113f29ada68c11f1af9b7affed4784645
20220611212541	main	db/migrate/20220611212541_add_role_id_to_users.rb	3da25cea9dc2d092a2d1c0c006489b270bd8b59bad0695e730fc995eee0d602e
20220613110628	main	db/migrate/20220613110628_create_custom_filter_keywords.rb	a1ca6c0f50bddf36c9eef16c1571090fe4f7b3c3012af97724aa2fe6f2a77935
20220613110711	main	db/migrate/20220613110711_migrate_custom_filters.rb	f7e8350f106376eef0847c9597a1c02c109aa99263beec834fa6c670a611967d
20220613110802	post	db/post_migrate/20220613110802_remove_whole_word_from_custom_filters.rb	84267e531f8039513e1a6c7f4ecefcc611e71af9e9c22d416eb694c50e95a46c
20220613110834	main	db/migrate/20220613110834_add_action_to_custom_filters.rb	05da78b71f66d22873147386f835b0c2aef63e47be5df24f7df471b4a4506ae9
20220613110903	post	db/post_migrate/20220613110903_remove_irreversible_from_custom_filters.rb	6f70f625c5005ae8cfe500ffcef7b1b78c81c03fc4d091b3e022f88845f0cb83
20220617202502	post	db/post_migrate/20220617202502_migrate_roles.rb	f2d0d0a74b16758b73db29399e99dfc1b90e696f0fe6f80af9cc63354b9a9917
20220704024901	post	db/post_migrate/20220704024901_migrate_settings_to_user_roles.rb	c993002a1583b2faa99a7603abee869b5d8a469d483799e8a4ad7018279fba64
20220710102457	main	db/migrate/20220710102457_add_display_name_to_tags.rb	77fde616c378f40f96209aa14637e589d4bc61c10fa8f5141091878b6f45f6c5
20220714171049	main	db/migrate/20220714171049_create_tag_follows.rb	92b37178bb0ed91a6e35361a3b9b9fe54cad69acbc5b9c32e3e91d51c5d0b3ac
20220729171123	post	db/post_migrate/20220729171123_fix_custom_filter_keywords_id_seq.rb	7bf116e3314cb20fe65e3bdd6a19bd481a537c28d6525bdfc7e486f3201237d3
20220808101323	main	db/migrate/20220808101323_create_custom_filter_statuses.rb	1997294e5c00c21872222323612a463f035b4e96e30219daa26d60652db1265c
20220824164433	main	db/migrate/20220824164433_add_human_identifier_to_admin_action_logs.rb	172ce5871e71295d0d78c98b6b4e50422a919f14c5c0ae289e8c524a752a81b2
20220824164532	post	db/post_migrate/20220824164532_remove_recorded_changes_from_admin_action_logs.rb	b78ed5b7efb960631178da1e4aaade4196c3b8ceec451df13b302de32396e08e
20220824233535	main	db/migrate/20220824233535_create_status_trends.rb	b152cc2d042c27e94d7971a83437b9df2d76330e9e15fa562006bf5ce5aabd7e
20220827195229	main	db/migrate/20220827195229_change_canonical_email_blocks_nullable.rb	93e8c8160928b64658688bf7a04cbb4ee0e8703bac7e222a4c44f398641e2f98
20220829192633	main	db/migrate/20220829192633_add_languages_to_follows.rb	8de2daa6016f3f498a6fba47465f3e2c38e22e5271d137636c596505bb795478
20220829192658	main	db/migrate/20220829192658_add_languages_to_follow_requests.rb	b5300a648005895348b962d6108835052b48a61a9eb6396ee308e02275073376
20221006061337	main	db/migrate/20221006061337_create_preview_card_trends.rb	1768fe1b78bc2130b30901a745656f708ee243c75e93d4a586c4df291c6eb9be
20221012181003	main	db/migrate/20221012181003_add_blurhash_to_site_uploads.rb	0c0ee02854ca57291777056ca39d900eb5261d30be09a40f0eb13b1a8522b609
20221021055441	main	db/migrate/20221021055441_add_index_featured_tags_on_account_id_and_tag_id.rb	d232fc5d58b0918c48acaa7950522dd34f6e83b798fcd6cf2af75b54ba646c73
20221025171544	main	db/migrate/20221025171544_add_index_ip_blocks_on_ip.rb	b14b8ea496d63b423aada1883da8d34ff4eea7ec29cb1017eeab14fc684e6947
20221101190723	post	db/post_migrate/20221101190723_backfill_admin_action_logs.rb	a7f690237213b7fd250d199468abf76eef723caf46e957ac48c09b2d31399e41
20221104133904	main	db/migrate/20221104133904_add_name_to_featured_tags.rb	de908881bab7c592909c9ee7b2cff60ffdffe0c5c23907dccf03c5ef8461d61d
20221206114142	post	db/post_migrate/20221206114142_backfill_admin_action_logs_again.rb	24af445da8b553042e4f1312a4d1c7ae1e2504b7b7863d9914090a71db20a2c6
20230129023109	main	db/migrate/20230129023109_add_template_to_webhooks.rb	c61c1611bff37042f8701c90e2bab7e189b109db4a30e2be94fa2bf95b0638b4
20230215074327	main	db/migrate/20230215074327_add_settings_to_users.rb	0a5df86634709f2fb86ea0c2ced21362f5bc298b0aad87890f6cd3e2d850dbbe
20230215074423	main	db/migrate/20230215074423_move_user_settings.rb	c054251d3262fb6efc62b645ded192500b8a69472265997bf94630a1bab0c585
20230330135507	main	db/migrate/20230330135507_create_bulk_imports.rb	fae70fbbb12c4c9b42e9f6a6235ff1fcbbc2405280fa3738d25d5d48092f74e2
20230330140036	main	db/migrate/20230330140036_create_bulk_import_rows.rb	d37ef5faf90f49e4dad683c42888bb2838ea0887ef1a9044e942e05c44c5c006
20230330155710	main	db/migrate/20230330155710_add_follow_request_id_to_list_accounts.rb	4fc8a9324d13c550eff04066e4f35f1d51f8e05d29cb49a21dff1080e38062a8
20230524190515	main	db/migrate/20230524190515_add_index_accounts_on_domain_and_id.rb	3fbe14f52558a17da50d65ea6b012102538f4d958cfdda9b7cdacb70576b1822
20230524192812	main	db/migrate/20230524192812_fix_account_domain_casing.rb	154fac40a1eeb09003200dced8919e5e0b9d164831f0d9679c1ecd70a0b05d7d
20230524194155	main	db/migrate/20230524194155_add_index_instances_on_reverse_domain.rb	a9a0cdd38f710e6fa4df55bfee2cbf792290c3206f6fdf8fe5e35ca9177cdfd3
20230531153942	main	db/migrate/20230531153942_add_primary_key_to_accounts_tags_join_table.rb	1fd7225d64122d19f9c794e4283a932363e595cbb23253ce971fe731972bc30b
20230531154811	main	db/migrate/20230531154811_add_primary_key_to_statuses_tags_join_table.rb	1280adc7e0f1462c2ebb20c666a0aa3b07d524b63ac5d49e44db34e992395e0a
20230605085710	main	db/migrate/20230605085710_add_exclusive_to_lists.rb	915cdba59528e4c232a669a877596e95863feb445b658b3e7918cba9887471e3
20230605085711	main	db/migrate/20230605085711_add_time_zone_to_users.rb	8b6901439b84a1a6f49bdfd45e9712a2bec4d817f3320dbe91fea7d58cc1fb5d
20230630145300	main	db/migrate/20230630145300_add_index_backups_on_user_id.rb	154d4c127eb5ae8aab7a2c19092c6e3be8a0f0403f5a1794cf416b21086e9ec7
20230702131023	main	db/migrate/20230702131023_add_superapp_index_to_applications.rb	a168d3bc0e76a4f0eafb256df3debc43c57e43293655b04b5b873304958ae340
20230702151753	main	db/migrate/20230702151753_add_index_user_on_unconfirmed_email.rb	69d3379d2fabab85eba65393a883eed83f9c07497d6c83be31dfc0959a3ccf34
20230724160715	main	db/migrate/20230724160715_add_published_at_to_preview_cards.rb	5dd24db49766e05b7c43d1c89c71be9f758619c287b4bd8d8117003bd4e6e12c
20230725213448	main	db/migrate/20230725213448_add_image_description_to_preview_cards.rb	c95fba74075849ba5a3b459ec0cc0626ef3133ee851669cd50e6efac33c5ad8e
20230803082451	post	db/post_migrate/20230803082451_add_unique_index_on_preview_cards_statuses.rb	34aca6d87f45e5d572b1eb947dbcd2f18ed4a837807707e68833fcc949e72d87
20230803112520	post	db/post_migrate/20230803112520_add_primary_key_to_preview_cards_statuses_join_table.rb	ecbc4e7d8f37be05e604a637a018c96f2c4cf730b247aeabf7b894efbf932c40
20230811103651	post	db/post_migrate/20230811103651_remove_index_preview_cards_statuses_on_status_id_and_preview_card_id.rb	4716af412d00ae90c7404e9b00d356c013693fbb2aa33ecedabc75b190f0edb3
20230814223300	main	db/migrate/20230814223300_add_indexable_to_accounts.rb	04ea7ddbdcbab3ff7262042f7143a0e8d40fb56ebf67f70692d1046f0648aabc
20230818141056	main	db/migrate/20230818141056_create_global_follow_recommendations.rb	9ce9f904f8f475c143109398c59eea7b6ab84148a7a21a34dbcc243085728b21
20230818142253	post	db/post_migrate/20230818142253_drop_follow_recommendations.rb	9644a4907189c0bd172cefb120330a67582946f827e0360a5475518121cd2201
20230822081029	main	db/migrate/20230822081029_create_software_updates.rb	e17be29fb8fc544a1cc835f0f8b3255bb439d14b45b65223afdefec7dca0c0df
20230904134623	post	db/post_migrate/20230904134623_fix_kmr_locale_settings.rb	c58c67787e25d50bec43460983cc07aabfa886b3aceebd26f14b689453dd5808
20230907150100	main	db/migrate/20230907150100_add_index_account_stats_on_last_status_at_and_account_id.rb	707787b9b15af1f5064834213f516ddd6df22c41e16cc12a48c8cae6b0641140
20231006183200	main	db/migrate/20231006183200_add_url_to_preview_cards_statuses.rb	ee14c426fcd924e89cb195eda45fded8ebec5781e1f3f7c1fe1349f8c62616f5
20231018192110	main	db/migrate/20231018192110_add_index_to_webauthn_credentials_user_id_nickname.rb	0b9e620d9b8109c5e3d95f5da8189a14c61b727cc3e603be7b22e759fe3a7848
20231018193209	main	db/migrate/20231018193209_add_index_to_account_alias_uri_account_id.rb	a5e0ffcc8d1266c40d721a0726ac118d50afe829f821a03dd898ca09636b384d
20231018193355	main	db/migrate/20231018193355_add_index_to_custom_filter_statuses_status_custom_filter.rb	368fb3fa577a91ceab22a9d3a7216e82fe15f1b7f44a58b1716f7ec65299b732
20231018193659	main	db/migrate/20231018193659_add_index_to_identities_uid_provider.rb	36b6bda00ac7277bb4f73afa999efb02cd9ae873f08a7c500b5f97bac25978a0
20231210154528	main	db/migrate/20231210154528_add_otp_secret_to_user.rb	0ce35a84dfdbfa7be3a3103dc0920c3b6763571981aff967dd71c8278f168b74
20231211234923	main	db/migrate/20231211234923_create_follow_recommendation_mutes.rb	ab400e57c362d856989009108d65c65a2e83558626d402e63649caf517cc7a99
20231212073317	main	db/migrate/20231212073317_add_languages_index_to_account_summaries.rb	daf283bf19119b8c53966d3e7a03a888722e3abaad183e086eceb294c09f2a24
20231222100226	main	db/migrate/20231222100226_add_allow_with_approval_to_email_domain_blocks.rb	d210dbbc4c9c03bff16d740ecc9ff7b0229ac55ac9a1225d254b6950145a8612
20240109103012	main	db/migrate/20240109103012_fix_canadian_french_locale.rb	3c229af9cf5d2700944c89e1cb63f8c413f2f06be32b7b78f51e3058f1f01245
20240111033014	main	db/migrate/20240111033014_create_generated_annual_reports.rb	6f39cc6451d40eb55685cf13e39e6e659b5f97bf82b97acd728be80031b575e7
20240217171534	main	db/migrate/20240217171534_remove_defaults_for_status_pins_timestamps.rb	e8348173452e21fb5ce0bc793af35fa6fab48c3b26caaf42be256b8b731d6034
20240221195424	main	db/migrate/20240221195424_add_filtered_to_notifications.rb	b964fbd24d9645a11fc871055cfc597660b20b339d417476dc5b1c60cc12346d
20240221195828	main	db/migrate/20240221195828_create_notification_requests.rb	caef2ccb929766b08d23305e790f4b3b41b672862d048a4f2c357192795757b1
20240221211359	main	db/migrate/20240221211359_notification_request_ids_to_timestamp_ids.rb	3a8ccc6a2ac3d58c7cc50665a2f85edf7bd918149d01decd78519e49c70b8596
20240222193403	main	db/migrate/20240222193403_create_notification_permissions.rb	b2077e27a10d3dea5b22885c10a859f14796932e008253aadd5a545a8fc13298
20240222203722	main	db/migrate/20240222203722_create_notification_policies.rb	2e446b8aa7c1edd3d4afb03a7ad3689f897a2359498f9dd70f5363becf084e35
20240227191620	main	db/migrate/20240227191620_add_filtered_index_on_notifications.rb	45def145296bb2a19faca622496c250fa60639b31008f629185c23f0564f9d0c
20240304090449	main	db/migrate/20240304090449_migrate_interaction_settings_to_policy.rb	089ae4393bf74dd0363054efcdc6b8a377264a5e41379a549a56c0c2a0d23e1b
20240307180905	post	db/post_migrate/20240307180905_migrate_devise_two_factor_secrets.rb	3a82939704aa69ef6dac6266c6a49815c33f7737901032f4021cafad407458ab
20240310123453	main	db/migrate/20240310123453_add_hint_to_rules.rb	a1343b34d503c400ce5c49d17fb3646e075af58116cae61f78dff8d25fb438a4
20240312100644	main	db/migrate/20240312100644_create_relationship_severance_events.rb	c7b6c92b7ef2461ec597e36242b30de0eb9f9b0a6e6dca877bfc03d8f4780ce5
20240312105620	main	db/migrate/20240312105620_create_severed_relationships.rb	87f3489ae8d4f83caa85f9061f1430db90bc287ea7d8fe6a620db9ae06048244
20240320140159	main	db/migrate/20240320140159_create_account_relationship_severance_events.rb	c950402d9677f9f44dee9bfa61f96c995198204408b9d65985ee9fb1453be902
20240320163441	main	db/migrate/20240320163441_change_notification_request_last_status_id_nullable.rb	39a8a51fb7ae1ade518c745a39019545c48072bbf24a96530e3fbe4fb258d488
20240321160706	post	db/post_migrate/20240321160706_migrate_interaction_settings_to_policy_again.rb	a7aae1ff69b19cbf2e9dff24fb3e237c5578177120b68b4e0db23e80c0fd1589
20240322125607	main	db/migrate/20240322125607_add_followers_and_following_counts_to_account_relationship_severance_events.rb	13c286ade2b755d3c5a0b63409b47011c2796b2587aaae1ed2e852b71d3463c7
20240322130318	post	db/post_migrate/20240322130318_remove_relationships_count_from_account_relationship_severance_events.rb	89462b9ee23dfb77e7c4e7463050f195a57dd12ba948643b73c06fc8e1ec6ce6
20240322161611	post	db/post_migrate/20240322161611_remove_obsolete_roles_from_users.rb	0a30b1c037b321220fefea342cec168f1f76844d706f09c52aaf098b076fdb5e
20240510192043	main	db/migrate/20240510192043_fix_notification_policies_foreign_key.rb	7482dace1ad4dd2e2ed4bb6516c03c5401019f453187f4f147bc93d8b6a3e01f
20240513095755	main	db/migrate/20240513095755_add_group_key_to_notifications.rb	4f5bb7d08c8de2550078fef40ba7ec8bee358e5543530ce522a581708c0d00a9
20240513123807	main	db/migrate/20240513123807_add_index_notifications_on_account_id_and_group_key.rb	43590d67c68970f5880005e38b1738856031769a0b0dfa07d0160e95a91b7f95
20240522041528	main	db/migrate/20240522041528_add_author_account_id_to_preview_cards.rb	09e05fc36e3323139dbe52e184f86db69661d9ac4159c9b635a0d4d6e0e75602
20240603195202	post	db/post_migrate/20240603195202_change_read_me_scope_to_profile.rb	ad360e4436bda96a69f8f0768bb4ff2e4c49bf2f807605467ca57473e42f1425
20240607093446	main	db/migrate/20240607093446_change_mention_status_id_non_nullable.rb	831dca1410b4121d387bfab0ae69bed3be27072d731f4436b4e7a4b6b92ff79a
20240607093954	main	db/migrate/20240607093954_validate_change_mention_status_id_non_nullable.rb	63529822350ff1f53eb852ced9a4cbc2073ea5e13a3c1ba08f7227dc591185f4
20240607094603	main	db/migrate/20240607094603_change_mention_account_id_non_nullable.rb	a2c9d2f145f4d90b353143929b1b2e8de0844aca35c5dd97f791a8781bb6e2ff
20240607094856	main	db/migrate/20240607094856_validate_change_mention_account_id_non_nullable.rb	a31630373a8bc8482190a7a7590b72c49a3d9161b1cfd14c27515c4339fd0a1a
20240712064044	post	db/post_migrate/20240712064044_remove_dismissed_from_notification_requests.rb	f47d3340ba47b3ecd0c70c1257642cf5e308720ea152be596987eded0ff2b8fa
20240713171841	main	db/migrate/20240713171841_add_application_to_reports.rb	bcee91c9cb1525008324cd1e8886ba107bd40fefefe7646cd3b35a1c1f25f95c
20240713171909	main	db/migrate/20240713171909_validate_add_application_to_reports.rb	730ac2d0bc90d274a9dabc678d60b826301dc37d7655c71211e3ed72dd3237c8
20240720140205	post	db/post_migrate/20240720140205_drop_end_to_end_message_tables.rb	9e3dd5293428da3fd5124df4aef095a78e53b8e635f0dcd94bddcd5d439a6ebd
20240724181224	main	db/migrate/20240724181224_enable_pkce.rb	48a2ade26107293f149adf0d84f0da5fdeef8fabd10b1c6f874881b8585c453c
20240808114841	main	db/migrate/20240808114841_add_new_notification_policies.rb	9cae508a90fb87124a5e456242bf15f4cdc0e71b510d695c5831587372586506
20240808124338	main	db/migrate/20240808124338_migrate_notifications_policy_v2.rb	353204e7ef9fc7bda3146d2a8e6385bc8d6cd8e7f95c7981bea2da6f35afe5e4
20240808124339	post	db/post_migrate/20240808124339_post_deployment_migrate_notifications_policy_v2.rb	f3dec49df8128eec7cdcefc58ab4af262c8f742276129d0bf34f567ed7b0034a
20240808125420	post	db/post_migrate/20240808125420_drop_old_policies_from_notifications_policy.rb	8181dcd52694dcc01ba8bee847a5c6efbb5c67dc0beea2c8af0f4944a7b529c2
20240909014637	main	db/migrate/20240909014637_add_attribution_domains_to_accounts.rb	464630349b8ff20299889ba445d47c696122e9d21c2f513269738d0f8c806105
20240916190140	post	db/post_migrate/20240916190140_remove_crypto_scope_values.rb	b589a351836c4999225ebfc261c771e1734173cf98835754fea15b930bd49746
20240918233930	main	db/migrate/20240918233930_add_fetched_replies_at_to_status.rb	b0a6dde3c9e1c7249fb766d023b37b2bd8cf85264e2d146e0bea69eb76621981
20241007071624	main	db/migrate/20241007071624_fix_notification_permission_foreign_keys.rb	cccc8a987bf4810696bb471a11e77b7ec0314dea5fe3550e3697c0ec185e311b
20241014010506	main	db/migrate/20241014010506_remove_duplicate_indexes.rb	666887718807b6b055850e9b529f816fa224879b9ad7b3f743fbf250bf5bd014
20241022214312	main	db/migrate/20241022214312_add_untrusted_favourites_count_and_untrusted_reblogs_count_to_status_stat.rb	d3ac8175125fc8221926f856e26e3606b4cb19521608fc3fb661aa3c6be206ef
20241104082851	main	db/migrate/20241104082851_create_annual_report_statuses_per_account_counts.rb	40ef7e2d8374ad2619d45dad92697736df4f98c120e025b1569a852f90fe15dc
20241111141355	main	db/migrate/20241111141355_create_tag_trends.rb	7c98111facf8dba5337f6029b04d97a0c38303ff0788512c8465d787b1233eb1
20241123160722	post	db/post_migrate/20241123160722_move_tag_trends_to_table.rb	adbc20c14805b58ddfb74a8afb6248a68b462ed6b574196da485bbdd4c3ff5d5
20241123224956	main	db/migrate/20241123224956_create_terms_of_services.rb	2c9a874530b17aa4aaf94f41eb79711a323e4171a18b1fef8471f98d718c6f65
20241205103523	main	db/migrate/20241205103523_create_fasp_providers.rb	f4757a3f3ae0ac6475190695b61bd90700a7fa3da18faabb0d6fa07795407f7c
20241205135901	main	db/migrate/20241205135901_remove_legacy_user_settings_data.rb	78df7a56cdf9fc1b20de87a61ea9464099ce7475097603a1cebbce8876353b1c
20241205135925	post	db/post_migrate/20241205135925_remove_legacy_user_settings_columns.rb	3396be696a76c4e9265da5e0b9663af3b307de96b1697bc453daf3c5d6deed4a
20241205162640	main	db/migrate/20241205162640_add_missing_delete_cascade_webauthn_credentials.rb	b4be00289da692f11f55beecf728e27a135ba395a23e1ca98c06dc796d462e61
20241205163118	main	db/migrate/20241205163118_add_missing_delete_cascade_account_moderation_notes.rb	5abf964ef484ba6ad88c1d817c4b16ed74a5ac5564b6d40de75701d750fc43f0
20241206131513	main	db/migrate/20241206131513_create_fasp_debug_callbacks.rb	c7dc0e5e77f4db2c342f0ae578818c70c47966c2888111d470a735a8611f8817
20241210140838	main	db/migrate/20241210140838_add_not_null_to_account_pin_account_columns.rb	9ce40351462ca67a92f19c0bae28db933f1e2ede7cf106dc53e32cd23120370c
20241212152158	main	db/migrate/20241212152158_add_not_null_to_account_alias_columns.rb	3c5c9e86df8887dc6e47b8d2e962e0f80f9ee07914e2b64a52dd2176f31fa289
20241212152618	main	db/migrate/20241212152618_add_not_null_to_account_deletion_request_columns.rb	40879cbeeb37ac5a9ca25fb9d011779dc84257ad79d195285048c60b02ba2477
20241212152734	main	db/migrate/20241212152734_add_not_null_to_account_domain_block_columns.rb	f6c5eeca95a2f9fe317a55e465d263170d545f6678afc5f7802fe21af5a6a6d1
20241212152910	main	db/migrate/20241212152910_add_not_null_to_admin_action_log_columns.rb	37bdf11d88c3c786568b3326cc513601e12f879cc5c3f7cd45484ec1f2c75711
20241212153054	main	db/migrate/20241212153054_add_not_null_to_announcement_mute_columns.rb	348dc57838648b304d93dd13a4667772089bc23d30caf129a22b1663e70f7cbf
20241212153202	main	db/migrate/20241212153202_add_not_null_to_announcement_reaction_columns.rb	22665001f97b10b2d1aa807b789b154911ae7efd3288592c2171aadb99bec296
20241212153254	main	db/migrate/20241212153254_add_not_null_to_custom_filter_columns.rb	e54c431c6c15ef1aca8af5a03cc808cfb2731db898af1eb8e589dceb04960e94
20241212154231	main	db/migrate/20241212154231_add_not_null_to_scheduled_status_columns.rb	174a8e374b07b546419fdc3dd932a5b6aee838ca35c3a62f06048749f40c9fd5
20241212154346	main	db/migrate/20241212154346_add_not_null_to_user_invite_request_columns.rb	2991245076050200a55fa721f717d07ff83168ea984b555cae2bbe5435050cbb
20241213130230	main	db/migrate/20241213130230_create_fasp_subscriptions.rb	8541923868dc280fffde558e9cec1e41ffad54e1863720a9bf2b8c921737d9d4
20241213170027	main	db/migrate/20241213170027_add_not_null_to_account_conversation_account_column.rb	fb0bb1c3f971100e71b11d0e590700da3d806a27e9f8ce5a75b818ec551a44f0
20241213170036	main	db/migrate/20241213170036_validate_not_null_to_account_conversation_account_column.rb	f45dbb652657b1b293c9fffbae4823a8b229910cdd1fec5104c8e6e2142fdcaf
20241213170043	main	db/migrate/20241213170043_add_not_null_to_account_conversation_conversation_column.rb	82d857f7ce9a4e75553499ccecd9e43eff345545578d1b5bf6cf8fcc2f983b09
20241213170053	main	db/migrate/20241213170053_validate_not_null_to_account_conversation_conversation_column.rb	befc250cb498c62fe5aafccfde1d454c8b0bb89b820466b431c0fbc881f19aee
20241216223425	main	db/migrate/20241216223425_add_not_null_to_account_note_account_column.rb	92628bd96562cbb393ea9d9df712992b1e542b22fd2e5c7ee88877433a687427
20241216223433	main	db/migrate/20241216223433_validate_not_null_to_account_note_account_column.rb	f324b49ecdd2cc8485c60e146571fa502a48427723c4049bf4975f9070f3f557
20241216223446	main	db/migrate/20241216223446_add_not_null_to_account_note_target_account_column.rb	e6ba97aee6564f111e2318a58c5e6b7008e54a30c55ac7b7ecab6f80d0d8bee3
20241216223452	main	db/migrate/20241216223452_validate_not_null_to_account_note_target_account_column.rb	04bc97ca75843579612198521322d6d51cdae6bad26b41b678a5df0f969d7ab7
20241216223852	main	db/migrate/20241216223852_add_not_null_to_marker_user_column.rb	3da44506b28edac352b9e32d3adb6c3ba296c2e6e8f65334b10972cea1aba42a
20241216223859	main	db/migrate/20241216223859_validate_not_null_to_marker_user_column.rb	5584f3033067092fc823bd91d57135d79a6a290a14a42e8972a4717f3b20210a
20241216224211	main	db/migrate/20241216224211_add_not_null_to_poll_vote_account_column.rb	dd4092a9a9a18ac3fadb38c9df9acdbe84e0326d71f9e71f82a98e0957f24a24
20241216224218	main	db/migrate/20241216224218_validate_not_null_to_poll_vote_account_column.rb	7ff389468592031e3a816c270230362e00f16f8f58daa79079528993a4f419e6
20241216224229	main	db/migrate/20241216224229_add_not_null_to_poll_vote_poll_column.rb	337281d60e3742bb12446f6a221b769be8316b14b21c4cdd654b6f2c78991762
20241216224237	main	db/migrate/20241216224237_validate_not_null_to_poll_vote_poll_column.rb	bbb1ccfaca68da6a7c6fbbaf3b718088868890368ca18b593570f810de5b674d
20241216224507	main	db/migrate/20241216224507_add_not_null_to_poll_account_column.rb	ff34d8d6b8f67615713d4cd86cc27eb60d1cd19fa1e623764f7863b93d30815e
20241216224514	main	db/migrate/20241216224514_validate_not_null_to_poll_account_column.rb	6564486696129089ef7616394dffd37e5c6d3076a53a51338a5682587b52ee72
20241216224520	main	db/migrate/20241216224520_add_not_null_to_poll_status_column.rb	4a48de0785801ae1b92a07f405cba758ff0680794e9384be0d452c9a5f7735af
20241216224530	main	db/migrate/20241216224530_validate_not_null_to_poll_status_column.rb	6418001f4826761662d0b989c65abde94684530413c30ced1057ed40d4b2dcc2
20241216224813	main	db/migrate/20241216224813_add_not_null_to_tombstone_account_column.rb	5e14069acb32316479997370f4c86b25813913215b1661ca927bbea463b335ce
20241216224825	main	db/migrate/20241216224825_validate_not_null_to_tombstone_account_column.rb	2fdc25f2a4c4728215edab93f5d7c90c2afd4cc5c34de8de5d4a98ae4149699d
20250103131909	main	db/migrate/20250103131909_create_fasp_backfill_requests.rb	357de31beed83c08678bb10c17eed5f6e0ea1df037e5a77fd631b9fdb4b59200
20250108111200	main	db/migrate/20250108111200_add_standard_to_push_subscription.rb	ad339427f34e96eb25fef139dc842fb4cd110b176238a433e0312bcff0c3e465
20250129144440	post	db/post_migrate/20250129144440_add_new_public_index_to_statuses.rb	b4b4157b966856ba16720f93922f24014f7ad4c7d259178c6b907d669ce31595
20250129144813	post	db/post_migrate/20250129144813_remove_old_public_index_to_statuses.rb	b2328b08cd735ffbf3b171124ffbe7732a86235daee00613e6b1cb5fe3e608b9
20250221143646	main	db/migrate/20250221143646_add_notification_sent_at_to_announcements.rb	1ad8204258cb20d7c795fe80b83f60195315bf7685146aee6b876550a7f17793
20250224144617	main	db/migrate/20250224144617_add_effective_date_to_terms_of_services.rb	00fa6b849c282904bef78dd8f3c344f2a1634a89057614e5f9239f1a23d896b7
20250305074104	main	db/migrate/20250305074104_add_effective_date_index_to_terms_of_services.rb	bfdfe3fa3723fb3405596102ed0720265e859b7fcaed68b9aedce124d68f6d94
20250313123400	main	db/migrate/20250313123400_add_age_verified_at_to_users.rb	d9633b8acf3efdbf8d876976ccd988614e3f61196a65dda10d98b3398ca25c85
20250328153843	main	db/migrate/20250328153843_create_instance_moderation_notes.rb	bb5bc2ab1b749681573bc572c0ba0fd0c668aea826e6a273d1384cde9fbf8fa3
20250410144908	main	db/migrate/20250410144908_drop_imports.rb	ab14433e09767e7e11e03040a224802cb24fce42e8029475535c591c92d0c07e
20250411094808	main	db/migrate/20250411094808_create_quotes.rb	28baa37e03a7dd0d5fca6dfa84027047768a40ed661f5f80dc1dfe8f9619866a
20250411095859	main	db/migrate/20250411095859_add_quote_id_to_status_edit.rb	80de2c85214366cf8b4717a97b8529f7bea44ac715487194b0f24fd263fe4801
20250422083912	main	db/migrate/20250422083912_add_not_null_to_web_push_subscription_user.rb	4a38f323a02e5f8c4bd4987b67d246e2a485f221244579be630d0d01eaf3d241
20250422084214	main	db/migrate/20250422084214_validate_add_not_null_to_web_push_subscription_user.rb	08963e4b9843321a8e93decf1fbc1a5a4181002c53d2d88e9c282d3bbc4d0d3f
20250422085027	main	db/migrate/20250422085027_add_not_null_to_web_push_subscription_access_token.rb	b3c08dd5b3eb8ab14c7d90af9fd9f0136c8e42664fa8fa087a2ef4dd3001e59e
20250422085303	main	db/migrate/20250422085303_validate_add_not_null_to_web_push_subscription_access_token.rb	c1089ae975f4f875d62e35614971a38e3feab369226d38bfc36730f1cafc1cdf
20250425134308	main	db/migrate/20250425134308_quote_ids_to_timestamp_ids.rb	dc34176aef0f53a40c919904c4372c5676a59c291a0cafac628052a016cb9628
20250428095029	main	db/migrate/20250428095029_add_quote_approval_policy_to_statuses.rb	d81061a5f0f14ed09fbf494f73f0395c31be2c2c119cb07b227e168fc5dae821
20250428104538	main	db/migrate/20250428104538_add_require_tos_interstitial_to_users.rb	5a5e2f0c7be315f6e70947ee60348e16980bcdcb32083fdbc977b97900705e03
20250520192024	post	db/post_migrate/20250520192024_remove_legacy_devise_two_factor_secrets_from_users.rb	9d6472f6bf5857041009564bcaa0e9ea65f333ea8cca99b8a35fc115c9d589d8
20250520204643	main	db/migrate/20250520204643_create_rule_translations.rb	e3990ca22456d258a9e204781a876de3c71368c2dc53f19b728debc62f8943e9
20250605110215	main	db/migrate/20250605110215_add_legacy_to_quotes.rb	e2f862865d8f9f3df56476d94c9c140c18a077e2c9a3bb5d9f2719918e3c0078
20250627132728	main	db/migrate/20250627132728_create_fasp_follow_recommendations.rb	717596daa4c9b120b1cfafda3e37b4a3908c5a84b858716fd290b0ab6596c9b1
20250717003848	main	db/migrate/20250717003848_create_username_blocks.rb	771abe75256d4d2057ae919c3c33ebca976d3db2bb2ac1ead298a130b2939180
20250805075010	main	db/migrate/20250805075010_add_delivery_last_failed_at_to_fasp_providers.rb	8f6226619a26b514142c0edb833d37aa2ebde170283b69dfb3f6791d932e08b6
20250819100545	main	db/migrate/20250819100545_update_quote_index.rb	19e58b2533213a759c56c3472ca8d454460f999c729548bbe2ef18750a0fafd4
20250820084312	main	db/migrate/20250820084312_add_quotes_count_to_status_stat.rb	91235cb3966abc88f87011579d6ff7272599e3b47b2fe433c03bf840839fd177
20250828222741	main	db/migrate/20250828222741_add_parent_status_and_parent_account_to_conversations.rb	a76334c1a1d59c8d0ea8fb83ec42ee405cf4714316f5ea6008e31e95c7bea90e
20250902221600	main	db/migrate/20250902221600_add_index_on_conversation_to_statuses.rb	e50aa46feb6a17f9d5da50a12d7ee8f8f4b86b835dc34dd1feb9b533e65deeee
20250909100506	main	db/migrate/20250909100506_add_index_on_parent_status_id_to_conversations.rb	8353fefe5d9ddf63fb352063a44de9a40bf9a9b9357a53093ba5d4a685c239f5
20250911163952	main	db/migrate/20250911163952_fill_default_quote_policy_setting.rb	8e45fbe30f65ed33b5f29cda84dab427007fc689618aa1b6c0509fe7c6b8a3ae
20250912082651	main	db/migrate/20250912082651_add_following_url_to_accounts.rb	769804cbaa772dfc64b829772b29cd26cb12a90eafdb69970bf62958f58b5f25
20250924170259	main	db/migrate/20250924170259_add_id_scheme_to_accounts.rb	dd4f1b034575f16e9bb327c86ea4204c73756607fe4970fc8bf59d004d46354b
20251002140103	main	db/migrate/20251002140103_migrate_timeline_preview_setting.rb	2ce134af0bf898ffad27e0631905238d9b22f0756eac6073f8682cd61f2d785f
20251007100627	main	db/migrate/20251007100627_add_index_follows_on_target_account_id_and_account_id.rb	295e974d0db2bedbf3ba37472d1ced47d4e29481c1f0756860e9a0e96fd78caf
20251007100813	main	db/migrate/20251007100813_remove_index_follows_on_target_account_id.rb	523655606d68a2dd86b602e048f56d606341d366e650c7453bc6c8ab92b0d54e
20251007142305	main	db/migrate/20251007142305_change_defaults_for_account_id_scheme.rb	f2dd5885d8cba03a2f0d9f258c25718b3f7d88db6658ffdecf02556f2a192faa
20251023210145	main	db/migrate/20251023210145_migrate_landing_page_setting.rb	a6f33075670c49da8295d998b6becfc3626ef7d857ec10366e9411e9cc5f49af
20251117023614	main	db/migrate/20251117023614_add_thumbnail_storage_schema_version.rb	94616f7ce9188d7dafdb7782cbe33b361b143a14237c469123a402a8f3f7a049
20251118115657	main	db/migrate/20251118115657_create_collections.rb	d495799ad16db59a633366017941ed52369579dc3e18c54679dc0c224e440f59
20251119093332	main	db/migrate/20251119093332_create_collection_items.rb	a8b72e3efb000c10c08df0db2b3205e9b35d3dd1e2762f57dc16a844d9020343
20251201154910	main	db/migrate/20251201154910_add_featured_emoji_to_custom_emoji_categories.rb	5d5a61bb7ad0f48a69dc17efcd3ec8b801a04b8a5d664db3a4c57b10dcae7b98
20251201155054	main	db/migrate/20251201155054_validate_add_featured_emoji_to_custom_emoji_categories.rb	c07313f228caecfe08eac9f87e37eb61622be4193b2d0bfc0d1b0267c86c0931
20251202140424	main	db/migrate/20251202140424_add_share_key_to_generated_annual_reports.rb	272780b08e836975bebf3dc2991a60ca4a3822b5040bca79289d64a733c2ada8
20251209093813	main	db/migrate/20251209093813_add_item_count_to_collections.rb	0e2ea5a77187fe7d06311bf3f697ec1b192756cc295bd5df91a6305a30de7caf
20251217091936	main	db/migrate/20251217091936_add_feature_approval_policy_to_accounts.rb	65b25402b3bd9e4048c1b1304b7aa221433a04f533809ebaf7f8d02e78130cdf
20260115153219	main	db/migrate/20260115153219_use_snowflake_ids_for_collections.rb	f39a249e5c6c0681670314c59738251a8ba8fa90ce07e7a7b140a3512a0967a3
20260119153538	main	db/migrate/20260119153538_add_language_to_collections.rb	62c7f47fbc6bad5a2fd3bc10ac8afd6a2a6f6820fce98ded5ba1ac07583883a1
20260127141459	main	db/migrate/20260127141459_add_avatar_description_to_accounts.rb	ca690ab3daeeb3250ff102427d90079362efdd6aad6c10f793bdf335f09ef512
20260127141820	main	db/migrate/20260127141820_add_header_description_to_accounts.rb	fb3f2c53c3a453102c5d8ad0484d4a07c876852749f0f15503a735ae66ab7fe1
20260209142402	main	db/migrate/20260209142402_migrate_default_theme_setting.rb	79ee7fb23e9e3919e713143578fcc00e58e87f6281eeb8d94089e8830ccb487b
20260209143308	main	db/migrate/20260209143308_migrate_user_theme.rb	0d4c147bcd2f59fac660f5d0074372ea9ef7bf5379f5b588d77cbf76a6ddbacd
20260211132603	main	db/migrate/20260211132603_add_require2_fa_to_user_roles.rb	2188996a4dcbdd85e17cd9b689624fff231d645856d72dc2f6020a2f1482fcb7
20260212113020	main	db/migrate/20260212113020_add_uri_to_collection_items.rb	908f6bacce9ada66566e8935b57c3afd70f758841a79482c27ee078884d9a28b
20260212131934	main	db/migrate/20260212131934_create_collection_reports.rb	1b887a2795adde101083c32f0b4af651c0ba63d4f5288d2b981c3bc910703f43
20260217154542	main	db/migrate/20260217154542_add_profile_settings_to_accounts.rb	4c57f94298dd540565aba4544a4286297d7342c2585fb199d3784ac5b543dc15
20260303144409	main	db/migrate/20260303144409_add_unverified_author_account_id_to_preview_cards.rb	c053feb42042d884223c30fb58f43877ef45f56a426f5df391d988a98580b3e2
20260310095021	main	db/migrate/20260310095021_add_description_html_to_collections.rb	aeb5cb7cbd27bdfff8d4000c994350a11402417b128377ae3d8c03b5d6c795d4
20260311152331	main	db/migrate/20260311152331_add_collections_url_to_accounts.rb	3e98567a3bcafee1877eedad496ebff4d6a8ff44c54fd75a5daf4c0d8fecab99
20260311212130	main	db/migrate/20260311212130_create_email_subscriptions.rb	33618adef15455ba3a8df4b8cc40e4cfdb40f408b00ebe0dda51de05011af0d6
20260318144837	main	db/migrate/20260318144837_add_invite_approval_bypass_permission.rb	5c07cd46333db5b38b9f355ef283913e6865e57a3ee9d64c7cf2a464df3e5805
20260319142348	main	db/migrate/20260319142348_create_tagged_objects.rb	697dd52210db3b3dfac3d873fb81df7c30150775af3250589fa75fa44c467297
20260323105645	main	db/migrate/20260323105645_create_keypairs.rb	c1fcc8e20312581b008edddcc8870e1d2217724e904eacf7507ba5bf7194a045
20260325151755	main	db/migrate/20260325151755_add_unique_indexes_to_collections_and_items.rb	37dc4b7db7133d6886a1185dc777d22979954a7610dd7e128564cc2dcbe9b5f0
20260326112324	main	db/migrate/20260326112324_remove_unique_index_on_collection_item_object_uris.rb	489d918f3dc57b235fd286fcfb53a6cbc9cb89e067b5ff684d579b3641ccad65
20260410083500	main	db/migrate/20260410083500_add_index_to_collection_items_account_id_collection_id.rb	ede9d9e0991b019c220411b13e11bd8f461e17b0a37a8360747946ded2e7b10e
20260415133505	main	db/migrate/20260415133505_add_url_to_collections.rb	bacd3bf30793f18d134f70cd01e7b8e2a66f15d1955a5700e325bcc3a2796852
20260420124030	main	db/migrate/20260420124030_add_collection_limit_to_user_roles.rb	06bdb47a348a4f1779b6bc51356beb2c9fdc8616de69d0cf0805d971fa661a96
20260423141611	main	db/migrate/20260423141611_add_index_to_collection_item_state.rb	4f484213291cf5a92e63121fb33c3f401be21b717efdce9e30f41d0f72d60cfe
20260425144553	main	db/migrate/20260425144553_add_for_bots_to_notification_policies.rb	c09410082dac91a97570be93f233ce564e74bf107527390ee304ac7f4582ddf3
20260505155103	main	db/migrate/20260505155103_remove_email_subscriptions_duplicate_index.rb	2fbf800d4c0b797747265371097e023680deb0b6d918cb77c4b0bda73de845a3
20260611150940	main	db/migrate/20260611150940_add_missing_status_to_bulk_import.rb	b31c0b777c3a24bdfb66dfc4a875a033fb5611d173ae4f50b013f9cab751097c
